food_no,ingre_no,
1,3,
1,448,
1,584,
1,792,
1,797,
2,8,
2,83,
2,107,
2,236,
2,369,
2,396,
2,596,
2,935,
2,980,
2,1038,
2,1166,
3,880,
3,584,
3,281,
3,291,
3,936,
3,76,
3,318,
3,396,
3,484,
3,563,
3,743,
3,1038,
3,1080,
3,306,
3,424,
3,1086,
3,8,
3,366,
3,369,
3,1157,
3,398,
3,935,
3,16,
3,83,
3,270,
3,596,
3,894,
3,1166,
4,405,
4,9,
4,789,
4,1037,
4,1100,
4,596,
4,880,
4,448,
4,823,
4,1166,
4,1084,
4,1006,
5,9,
5,83,
5,194,
5,196,
5,368,
5,383,
5,890,
5,596,
6,9,
6,406,
6,668,
7,880,
7,395,
7,584,
7,936,
7,76,
7,318,
7,383,
7,743,
7,1080,
7,338,
7,9,
7,16,
7,83,
7,596,
7,894,
7,1166,
8,10,
8,82,
8,116,
8,194,
8,236,
8,340,
8,584,
8,935,
8,1073,
9,584,
9,936,
9,11,
9,76,
9,226,
9,318,
9,743,
9,1080,
9,280,
9,935,
9,16,
9,83,
9,596,
9,894,
10,11,
10,16,
10,76,
10,83,
10,114,
10,194,
10,236,
10,584,
10,743,
10,935,
10,1073,
11,11,
11,16,
11,60,
11,83,
11,138,
11,192,
11,194,
11,332,
11,406,
11,668,
11,723,
11,935,
12,52,
12,79,
12,235,
12,338,
12,366,
12,514,
12,522,
12,604,
12,16,
12,743,
12,1076,
12,1151,
13,76,
13,187,
13,235,
13,236,
13,318,
13,320,
13,328,
13,329,
13,392,
13,563,
13,584,
13,743,
13,897,
13,919,
13,16,
13,596,
13,980,
14,194,
14,219,
14,329,
14,564,
14,584,
14,743,
14,980,
14,1166,
14,1089,
15,154,
15,213,
15,668,
15,880,
15,919,
16,16,
16,23,
16,194,
16,211,
16,226,
16,332,
16,392,
16,584,
16,743,
16,935,
17,395,
17,584,
17,936,
17,76,
17,226,
17,244,
17,318,
17,383,
17,396,
17,563,
17,743,
17,781,
17,1080,
17,338,
17,424,
17,8,
17,82,
17,986,
17,83,
17,596,
17,669,
17,894,
18,109,
18,880,
18,584,
18,801,
18,936,
18,318,
18,429,
18,736,
18,743,
18,781,
18,1080,
18,1147,
18,263,
18,207,
18,266,
18,1037,
18,16,
18,596,
18,894,
18,990,
19,18,
19,25,
19,107,
19,159,
19,229,
19,235,
19,236,
19,318,
19,383,
19,416,
19,563,
19,596,
19,634,
19,743,
20,229,
20,416,
20,318,
20,383,
20,563,
20,743,
20,1080,
20,235,
20,595,
20,207,
20,189,
20,980,
20,16,
20,596,
20,1166,
20,839,
21,405,
21,19,
21,1037,
21,129,
21,596,
21,880,
21,679,
21,1166,
21,318,
21,563,
21,789,
21,823,
21,332,
22,16,
22,19,
22,83,
22,187,
22,194,
22,196,
22,236,
22,332,
22,383,
22,395,
22,584,
22,743,
22,979,
22,1166,
23,23,
23,395,
23,584,
23,76,
23,318,
23,383,
23,484,
23,563,
23,743,
23,1080,
23,1147,
23,1097,
23,19,
23,369,
23,604,
23,16,
23,83,
23,596,
23,894,
23,1166,
24,23,
24,584,
24,448,
24,679,
24,1037,
24,596,
24,1084,
24,317,
24,797,
24,1166,
25,23,
25,275,
25,226,
25,318,
25,743,
25,1080,
25,1147,
25,207,
25,369,
25,187,
25,189,
25,16,
25,596,
25,894,
25,1166,
26,23,
26,194,
26,236,
26,270,
26,369,
26,743,
26,979,
27,23,
27,392,
27,395,
27,668,
27,743,
27,919,
27,935,
27,1136,
28,663,
28,788,
28,23,
28,584,
28,291,
28,226,
28,496,
28,743,
28,781,
28,784,
28,1084,
28,514,
28,1099,
28,460,
28,207,
28,53,
28,323,
28,596,
28,1166,
28,56,
29,405,
29,23,
29,76,
29,226,
29,484,
29,743,
29,1080,
29,1147,
29,207,
29,679,
29,789,
29,1037,
29,596,
30,23,
30,395,
30,584,
30,936,
30,76,
30,226,
30,318,
30,743,
30,1080,
30,935,
30,1037,
30,16,
30,894,
31,23,
31,554,
31,596,
31,743,
31,1166,
32,23,
32,207,
32,323,
32,378,
32,406,
32,508,
32,596,
32,743,
32,788,
32,1136,
32,1168,
33,23,
33,281,
33,76,
33,284,
33,318,
33,383,
33,662,
33,563,
33,686,
33,743,
33,748,
33,1038,
33,1080,
33,134,
33,263,
33,558,
33,189,
33,16,
33,82,
33,83,
33,270,
33,332,
33,596,
33,1166,
33,429,
33,894,
34,23,
34,584,
34,596,
34,797,
34,1085,
34,1166,
35,60,
35,107,
35,187,
35,236,
35,392,
35,596,
35,743,
35,1168,
36,395,
36,584,
36,416,
36,936,
36,76,
36,226,
36,284,
36,318,
36,383,
36,396,
36,496,
36,563,
36,743,
36,781,
36,904,
36,1080,
36,1089,
36,338,
36,424,
36,514,
36,785,
36,935,
36,522,
36,82,
36,83,
36,596,
36,669,
37,28,
37,107,
37,236,
37,263,
37,275,
37,420,
37,558,
37,584,
37,669,
37,979,
38,281,
38,936,
38,284,
38,318,
38,383,
38,484,
38,563,
38,743,
38,1080,
38,33,
38,742,
38,862,
38,189,
38,280,
38,935,
38,604,
38,16,
38,82,
38,83,
38,270,
38,596,
38,894,
38,1166,
38,55,
38,839,
39,281,
39,284,
39,318,
39,396,
39,484,
39,563,
39,743,
39,1080,
39,33,
39,742,
39,862,
39,280,
39,935,
39,604,
39,82,
39,83,
39,270,
39,596,
39,894,
39,1166,
40,16,
40,83,
40,107,
40,194,
40,236,
40,270,
40,677,
40,935,
40,979,
40,991,
40,1073,
41,83,
41,194,
41,199,
41,236,
41,332,
41,340,
41,392,
41,567,
41,668,
41,792,
41,919,
41,979,
41,1166,
42,41,
42,82,
42,83,
42,194,
42,323,
42,332,
42,340,
42,395,
42,668,
42,935,
43,16,
43,137,
43,194,
43,199,
43,226,
43,399,
43,596,
43,668,
43,743,
43,792,
43,935,
43,1105,
43,1168,
44,50,
44,226,
44,677,
44,1071,
45,83,
45,135,
45,187,
45,194,
45,236,
45,270,
45,275,
45,328,
45,366,
45,134,
45,392,
45,556,
45,743,
45,1147,
46,23,
46,54,
46,107,
46,280,
46,282,
46,736,
46,743,
46,934,
46,1111,
47,57,
47,64,
47,154,
47,408,
48,60,
48,114,
48,226,
48,236,
48,420,
48,596,
48,743,
48,935,
48,1073,
48,1168,
49,64,
49,154,
49,395,
49,584,
49,936,
49,789,
49,823,
49,1037,
49,16,
49,291,
49,679,
49,362,
49,698,
49,596,
50,64,
50,406,
50,596,
50,1007,
50,1085,
51,936,
51,76,
51,226,
51,318,
51,743,
51,1080,
51,64,
51,280,
51,935,
51,1037,
51,16,
51,83,
51,270,
51,596,
51,894,
52,405,
52,64,
52,880,
52,584,
52,207,
52,679,
52,1037,
52,596,
52,1084,
53,194,
53,263,
53,327,
53,596,
53,797,
53,997,
53,1084,
53,1166,
54,68,
54,83,
54,136,
54,226,
54,318,
54,340,
54,514,
54,563,
54,584,
54,743,
54,927,
54,960,
54,596,
54,979,
55,68,
55,83,
55,136,
55,226,
55,318,
55,340,
55,514,
55,563,
55,584,
55,743,
55,927,
55,960,
55,596,
55,979,
56,405,
56,69,
56,789,
56,797,
56,1037,
56,1100,
56,596,
56,880,
56,679,
56,823,
56,1166,
57,69,
57,82,
57,83,
57,236,
57,332,
57,338,
57,383,
57,392,
57,792,
57,919,
57,1168,
58,69,
58,82,
58,83,
58,107,
58,194,
58,236,
58,383,
58,392,
58,668,
58,743,
58,919,
59,60,
59,69,
59,406,
59,508,
59,567,
59,668,
59,1166,
60,23,
60,60,
60,1136,
60,743,
60,226,
60,508,
60,30,
60,584,
60,811,
60,207,
60,448,
60,596,
60,392,
60,1007,
60,1168,
61,107,
61,236,
61,280,
61,668,
62,82,
62,132,
62,202,
62,420,
62,584,
62,861,
62,979,
63,114,
63,152,
63,153,
63,318,
63,668,
63,743,
63,792,
63,919,
63,935,
63,1136,
64,880,
64,584,
64,936,
64,76,
64,226,
64,318,
64,484,
64,743,
64,904,
64,1080,
64,1111,
64,740,
64,1097,
64,1105,
64,263,
64,595,
64,207,
64,556,
64,266,
64,935,
64,1037,
64,77,
64,16,
64,114,
64,596,
64,894,
64,1166,
64,563,
64,1089,
64,182,
64,82,
64,83,
64,332,
65,82,
65,320,
65,395,
65,596,
66,395,
66,584,
66,936,
66,318,
66,743,
66,1080,
66,1105,
66,338,
66,263,
66,595,
66,189,
66,280,
66,823,
66,935,
66,980,
66,82,
66,1166,
67,16,
67,323,
67,332,
67,596,
67,792,
67,420,
67,1166,
68,16,
68,383,
68,392,
68,584,
68,669,
68,743,
68,979,
69,16,
69,23,
69,82,
69,83,
69,194,
69,263,
69,584,
69,596,
69,723,
69,743,
69,792,
69,935,
69,979,
70,60,
70,194,
70,200,
70,226,
70,236,
70,331,
70,332,
70,486,
70,935,
70,1107,
70,1166,
71,82,
71,83,
71,137,
71,207,
71,369,
71,395,
71,584,
71,743,
71,919,
71,927,
71,935,
71,979,
71,1166,
72,194,
72,207,
72,226,
72,229,
72,263,
72,332,
72,406,
72,596,
72,743,
72,975,
72,1078,
72,1105,
72,1168,
73,83,
73,85,
73,194,
73,368,
73,392,
73,584,
73,596,
73,919,
73,935,
73,1073,
74,16,
74,107,
74,194,
74,280,
74,338,
74,484,
74,935,
74,1073,
74,1142,
74,677,
75,16,
75,107,
75,194,
75,280,
75,338,
75,484,
75,935,
75,1073,
75,1142,
75,677,
76,82,
76,83,
76,86,
76,88,
76,318,
76,669,
76,736,
76,743,
76,781,
76,792,
76,1073,
76,1089,
77,88,
77,392,
77,514,
77,516,
77,584,
77,602,
77,734,
77,781,
77,1080,
78,82,
78,83,
78,88,
78,194,
78,226,
78,584,
78,669,
78,736,
78,743,
78,781,
78,919,
78,935,
79,82,
79,88,
79,139,
79,226,
79,236,
79,584,
79,602,
79,669,
79,743,
79,781,
79,935,
79,979,
79,1073,
80,30,
80,60,
80,208,
80,448,
80,584,
80,596,
80,811,
81,134,
81,236,
81,275,
81,383,
81,392,
82,15,
82,83,
82,199,
82,513,
82,558,
82,668,
82,1166,
83,92,
83,642,
83,236,
83,743,
83,686,
83,76,
83,139,
84,109,
84,23,
84,229,
84,584,
84,275,
84,281,
84,76,
84,226,
84,284,
84,318,
84,383,
84,384,
84,396,
84,429,
84,484,
84,563,
84,686,
84,736,
84,743,
84,1038,
84,1080,
84,1147,
84,182,
84,182,
84,1097,
84,1105,
84,862,
84,189,
84,82,
84,83,
84,270,
84,596,
84,894,
84,1166,
85,788,
85,64,
85,584,
85,291,
85,226,
85,736,
85,781,
85,1066,
85,20,
85,119,
85,124,
85,288,
85,359,
85,408,
85,424,
85,471,
85,514,
85,631,
85,775,
85,952,
85,1049,
85,1086,
85,1099,
85,803,
85,323,
85,596,
85,416,
85,698,
85,333,
85,500,
85,804,
85,1088,
86,83,
86,97,
86,139,
86,194,
86,236,
86,332,
86,368,
86,383,
86,392,
86,596,
86,686,
86,919,
86,979,
86,1097,
86,1166,
87,420,
87,97,
87,669,
87,584,
87,596,
87,798,
88,16,
88,138,
88,194,
88,236,
88,275,
88,280,
88,392,
88,420,
88,743,
88,270,
88,979,
89,63,
89,327,
89,448,
89,514,
89,880,
89,1172,
90,60,
90,107,
90,112,
90,275,
90,369,
90,383,
90,401,
90,596,
90,189,
91,107,
91,112,
91,187,
91,236,
91,366,
91,383,
91,392,
91,558,
91,1151,
92,83,
92,112,
92,194,
92,368,
92,383,
92,484,
92,584,
92,596,
92,1073,
93,83,
93,226,
93,318,
93,332,
93,338,
93,383,
93,584,
93,596,
93,724,
93,743,
93,744,
93,927,
93,979,
93,1073,
94,405,
94,893,
94,789,
94,1037,
95,405,
95,76,
95,226,
95,484,
95,743,
95,1080,
95,207,
95,112,
95,789,
95,1037,
96,112,
96,194,
96,226,
96,236,
96,392,
96,399,
96,429,
96,596,
96,668,
96,743,
96,935,
96,979,
96,1168,
97,281,
97,123,
97,318,
97,743,
97,1080,
97,369,
97,189,
97,82,
97,83,
97,270,
97,76,
97,275,
97,596,
97,894,
98,16,
98,212,
98,217,
98,236,
98,364,
98,392,
98,563,
98,596,
98,668,
98,222,
98,1166,
99,130,
99,360,
99,960,
100,16,
100,82,
100,83,
100,129,
100,392,
100,1000,
100,792,
100,1025,
101,395,
101,584,
101,936,
101,226,
101,318,
101,484,
101,1080,
101,132,
101,280,
101,935,
101,16,
101,83,
101,596,
102,16,
102,83,
102,114,
102,132,
102,194,
102,332,
102,747,
102,596,
102,677,
102,785,
102,792,
102,935,
102,936,
103,83,
103,135,
103,236,
103,275,
103,596,
103,670,
103,1038,
104,83,
104,132,
104,134,
104,420,
104,584,
104,1136,
104,935,
104,979,
104,1114,
105,82,
105,134,
105,207,
105,420,
105,584,
105,603,
105,919,
105,1025,
106,83,
106,107,
106,134,
106,194,
106,236,
106,275,
106,164,
106,331,
106,513,
106,743,
106,979,
106,1105,
106,1147,
107,134,
107,236,
107,584,
107,935,
107,956,
108,82,
108,114,
108,134,
108,332,
108,420,
108,1136,
108,792,
108,935,
108,1168,
109,83,
109,107,
109,134,
109,194,
109,236,
109,392,
109,743,
109,747,
109,808,
109,1097,
110,405,
110,584,
110,76,
110,226,
110,743,
110,1080,
110,134,
110,207,
110,1037,
110,596,
111,134,
111,236,
111,275,
111,1136,
111,743,
111,828,
111,1097,
112,83,
112,134,
112,142,
112,236,
112,270,
112,392,
112,584,
112,743,
112,935,
113,83,
113,107,
113,318,
113,596,
113,670,
113,979,
113,1038,
113,1080,
114,107,
114,108,
114,134,
114,236,
114,596,
114,747,
115,132,
115,392,
115,668,
115,936,
115,1078,
116,60,
116,82,
116,83,
116,132,
116,236,
116,420,
116,584,
116,668,
116,919,
116,935,
116,1073,
117,405,
117,788,
117,880,
117,584,
117,801,
117,936,
117,76,
117,226,
117,318,
117,563,
117,743,
117,1080,
117,1111,
117,740,
117,1105,
117,207,
117,556,
117,935,
117,1037,
117,77,
117,82,
117,83,
117,332,
117,596,
117,669,
117,894,
117,1067,
117,1127,
117,1166,
117,1000,
118,16,
118,84,
118,112,
118,175,
118,236,
118,275,
118,392,
118,584,
118,669,
118,975,
118,980,
118,1151,
119,584,
119,678,
119,936,
120,133,
120,138,
120,226,
120,420,
120,596,
120,619,
120,935,
121,16,
121,83,
121,138,
121,139,
121,226,
121,318,
121,338,
121,724,
121,743,
121,792,
121,927,
122,16,
122,139,
122,194,
122,199,
122,280,
122,392,
122,16,
122,1073,
122,1151,
123,107,
123,139,
123,280,
123,596,
123,1073,
124,139,
124,340,
124,392,
124,584,
124,669,
124,919,
125,60,
125,139,
125,406,
125,1136,
126,395,
126,584,
126,936,
126,76,
126,226,
126,284,
126,318,
126,743,
126,1080,
126,338,
126,370,
126,280,
126,935,
126,16,
126,83,
126,596,
126,894,
127,570,
127,592,
127,597,
128,395,
128,584,
128,936,
128,76,
128,226,
128,318,
128,743,
128,1080,
128,141,
128,280,
128,935,
128,16,
128,83,
128,1166,
129,405,
129,142,
129,789,
129,1037,
129,596,
129,1166,
130,83,
130,134,
130,142,
130,236,
130,270,
130,392,
130,584,
130,743,
130,935,
131,142,
131,743,
131,236,
131,979,
131,318,
131,16,
131,584,
131,596,
131,1166,
131,935,
131,392,
131,129,
132,134,
132,743,
132,236,
132,979,
132,142,
132,108,
132,187,
132,584,
132,935,
132,83,
132,16,
132,980,
132,199,
132,194,
132,82,
132,1168,
133,960,
133,880,
133,584,
133,281,
133,291,
133,936,
133,76,
133,284,
133,318,
133,396,
133,484,
133,743,
133,1038,
133,1080,
133,366,
133,369,
133,1157,
133,52,
133,159,
133,398,
133,556,
133,785,
133,280,
133,935,
133,83,
133,596,
133,894,
133,1166,
134,275,
134,76,
134,318,
134,383,
134,396,
134,563,
134,686,
134,743,
134,1038,
134,1080,
134,1147,
134,1097,
134,369,
134,411,
134,52,
134,398,
134,556,
134,785,
134,189,
134,980,
134,16,
134,82,
134,83,
134,270,
134,596,
134,1166,
135,138,
135,152,
135,153,
135,318,
135,395,
135,584,
135,16,
136,405,
136,395,
136,936,
136,76,
136,226,
136,318,
136,1080,
136,280,
136,935,
136,16,
136,83,
136,596,
136,894,
137,30,
137,63,
137,392,
137,584,
137,596,
137,668,
138,16,
138,49,
138,57,
138,64,
138,154,
138,293,
138,392,
138,395,
138,668,
139,83,
139,226,
139,383,
139,431,
139,564,
139,570,
139,584,
139,596,
139,927,
139,1075,
139,1151,
140,16,
140,82,
140,83,
140,159,
140,236,
140,332,
140,420,
140,584,
140,743,
140,792,
140,935,
140,979,
140,1073,
140,1166,
141,82,
141,83,
141,159,
141,338,
141,396,
141,584,
141,669,
141,743,
141,935,
141,979,
141,1073,
142,83,
142,159,
142,194,
142,236,
142,332,
142,584,
142,668,
142,743,
142,919,
142,979,
143,362,
143,229,
143,395,
143,584,
143,275,
143,76,
143,226,
143,284,
143,318,
143,383,
143,396,
143,429,
143,686,
143,736,
143,743,
143,1038,
143,1080,
143,1147,
143,182,
143,182,
143,1097,
143,1105,
143,862,
143,369,
143,159,
143,935,
143,604,
143,16,
143,82,
143,83,
143,596,
143,894,
143,1166,
144,880,
144,395,
144,584,
144,281,
144,936,
144,318,
144,396,
144,743,
144,1038,
144,1080,
144,369,
144,601,
144,52,
144,159,
144,398,
144,556,
144,900,
144,280,
144,935,
144,980,
144,16,
144,83,
144,596,
144,894,
144,1166,
145,16,
145,60,
145,424,
145,525,
145,584,
145,596,
145,935,
145,936,
145,1075,
146,16,
146,82,
146,194,
146,392,
146,792,
146,935,
146,1025,
147,60,
147,132,
147,160,
147,226,
147,338,
147,596,
147,646,
147,670,
147,743,
147,935,
147,1080,
147,1142,
148,23,
148,229,
148,275,
148,281,
148,936,
148,76,
148,226,
148,284,
148,318,
148,383,
148,396,
148,429,
148,484,
148,563,
148,686,
148,736,
148,743,
148,1038,
148,1080,
148,1147,
148,182,
148,182,
148,1097,
148,1105,
148,595,
148,862,
148,558,
148,935,
148,604,
148,82,
148,83,
148,596,
148,894,
148,1166,
149,83,
149,84,
149,194,
149,196,
149,268,
149,270,
149,332,
149,368,
149,513,
149,558,
149,1080,
149,816,
149,979,
149,1076,
149,1090,
150,134,
150,135,
150,207,
150,420,
150,602,
150,781,
150,828,
150,935,
151,584,
151,936,
151,166,
151,226,
151,318,
151,1080,
151,280,
151,935,
151,82,
151,83,
151,270,
151,596,
151,894,
152,166,
152,194,
152,236,
152,270,
152,828,
153,83,
153,107,
153,166,
153,194,
153,236,
153,270,
153,275,
153,369,
153,723,
153,743,
153,979,
153,189,
154,360,
154,360,
154,395,
154,584,
154,936,
154,76,
154,226,
154,284,
154,318,
154,383,
154,387,
154,549,
154,563,
154,736,
154,737,
154,743,
154,781,
154,999,
154,424,
154,160,
154,97,
154,132,
154,935,
154,522,
154,82,
154,986,
154,83,
154,669,
155,15,
155,82,
155,83,
155,116,
155,137,
155,584,
155,927,
155,935,
155,1089,
156,60,
156,193,
156,194,
156,236,
156,275,
156,486,
156,743,
156,1078,
156,1166,
157,395,
157,584,
157,281,
157,936,
157,76,
157,226,
157,318,
157,686,
157,743,
157,1080,
157,1111,
157,182,
157,338,
157,280,
157,935,
157,16,
157,82,
157,83,
157,596,
157,669,
157,56,
157,55,
158,182,
158,194,
158,596,
158,723,
158,743,
158,797,
158,935,
158,1073,
158,1151,
159,16,
159,82,
159,83,
159,138,
159,194,
159,340,
159,368,
159,669,
159,743,
159,792,
159,935,
160,584,
160,187,
160,936,
161,83,
161,202,
161,236,
161,792,
161,935,
161,1073,
162,584,
162,936,
162,318,
162,202,
162,1080,
162,935,
162,83,
162,669,
162,743,
162,484,
163,788,
163,23,
163,395,
163,584,
163,226,
163,496,
163,736,
163,1089,
163,1147,
163,307,
163,514,
163,207,
163,323,
163,596,
164,395,
164,584,
164,1147,
164,235,
164,596,
165,275,
165,226,
165,318,
165,383,
165,484,
165,743,
165,1080,
165,1097,
165,1105,
165,207,
165,369,
165,52,
165,556,
165,189,
165,980,
165,16,
165,596,
165,1166,
165,76,
165,894,
166,207,
166,236,
166,392,
166,668,
166,927,
166,1066,
167,138,
167,207,
167,226,
167,420,
167,596,
167,668,
167,743,
167,935,
167,1070,
167,1136,
167,1147,
167,1168,
168,16,
168,275,
168,338,
168,392,
168,743,
168,792,
168,979,
168,1073,
168,1151,
168,1166,
169,395,
169,584,
169,318,
169,207,
169,1037,
169,16,
169,894,
169,1166,
170,199,
170,207,
170,369,
170,596,
170,935,
170,189,
171,16,
171,207,
171,236,
171,280,
171,1073,
172,207,
172,789,
172,797,
172,1037,
172,596,
173,83,
173,107,
173,137,
173,340,
173,935,
173,1038,
174,83,
174,187,
174,194,
174,236,
174,270,
174,275,
174,366,
174,392,
174,723,
174,743,
174,979,
175,16,
175,83,
175,338,
175,368,
175,935,
175,1073,
176,212,
176,217,
176,323,
176,596,
176,665,
176,737,
176,743,
176,997,
176,1042,
176,1066,
176,1137,
176,1166,
177,212,
177,217,
177,309,
177,323,
177,514,
177,743,
178,236,
178,318,
178,212,
178,217,
178,1111,
178,496,
178,801,
178,16,
178,114,
178,792,
178,620,
179,16,
179,64,
179,82,
179,83,
179,139,
179,194,
179,219,
179,226,
179,236,
179,293,
179,332,
179,395,
179,584,
179,596,
179,736,
179,743,
179,1007,
179,1073,
179,1166,
180,16,
180,154,
180,211,
180,318,
180,584,
180,1089,
180,1168,
181,16,
181,83,
181,194,
181,212,
181,217,
181,236,
181,270,
181,332,
181,383,
181,392,
182,318,
182,424,
182,743,
182,746,
182,781,
182,1066,
183,16,
183,60,
183,218,
183,392,
183,399,
183,420,
183,584,
183,596,
183,743,
183,1080,
183,1166,
184,114,
184,219,
184,318,
184,496,
184,743,
184,1166,
185,229,
185,71,
185,76,
185,226,
185,318,
185,429,
185,484,
185,563,
185,641,
185,736,
185,743,
185,748,
185,1038,
185,1080,
185,182,
185,1097,
185,218,
185,222,
185,207,
185,369,
185,370,
185,556,
185,558,
185,935,
185,77,
185,16,
185,82,
185,83,
185,270,
185,596,
185,894,
185,1166,
185,164,
185,281,
185,383,
185,182,
185,189,
185,280,
185,980,
185,1037,
186,16,
186,82,
186,84,
186,213,
186,235,
186,236,
186,412,
186,584,
186,935,
186,980,
187,229,
187,281,
187,76,
187,318,
187,563,
187,743,
187,1038,
187,1080,
187,1097,
187,218,
187,222,
187,207,
187,935,
187,604,
187,16,
187,596,
187,894,
187,1166,
187,78,
187,23,
187,416,
187,383,
187,235,
187,369,
187,189,
187,980,
187,839,
187,226,
187,109,
188,405,
188,936,
188,318,
188,743,
188,1080,
188,218,
188,448,
188,1037,
188,16,
188,83,
188,596,
188,1067,
188,1166,
188,78,
188,409,
188,880,
188,395,
188,584,
188,563,
188,679,
188,797,
188,935,
188,980,
188,82,
188,114,
188,1084,
188,242,
188,76,
188,823,
188,1006,
188,312,
188,1000,
189,16,
189,114,
189,194,
189,218,
189,236,
189,392,
189,584,
189,1166,
190,405,
190,395,
190,584,
190,936,
190,318,
190,563,
190,743,
190,218,
190,679,
190,797,
190,1037,
190,980,
190,16,
190,83,
190,114,
190,596,
190,1067,
190,1127,
190,1166,
190,242,
190,76,
190,1111,
190,935,
190,82,
190,332,
190,1006,
190,1084,
190,1000,
190,409,
191,16,
191,24,
191,114,
191,187,
191,194,
191,213,
191,392,
191,584,
191,811,
191,980,
191,1127,
192,405,
192,395,
192,584,
192,318,
192,563,
192,743,
192,218,
192,448,
192,679,
192,797,
192,1037,
192,980,
192,16,
192,82,
192,83,
192,596,
192,1006,
192,1067,
192,1127,
192,1166,
192,409,
192,242,
192,76,
192,935,
192,114,
192,332,
192,1084,
193,23,
193,395,
193,584,
193,76,
193,226,
193,284,
193,318,
193,563,
193,743,
193,1080,
193,182,
193,182,
193,1097,
193,218,
193,16,
193,82,
193,83,
193,332,
193,596,
193,894,
193,1166,
193,936,
193,736,
193,935,
193,362,
193,1037,
194,362,
194,395,
194,936,
194,76,
194,226,
194,318,
194,563,
194,743,
194,1080,
194,1111,
194,1049,
194,280,
194,317,
194,797,
194,935,
194,1037,
194,604,
194,16,
194,82,
194,83,
194,596,
194,894,
194,1166,
195,82,
195,83,
195,194,
195,220,
195,584,
195,1080,
195,16,
195,935,
195,980,
195,1073,
195,1075,
195,1166,
196,16,
196,83,
196,332,
196,392,
196,584,
196,596,
196,604,
196,668,
196,736,
196,792,
196,1168,
197,960,
197,416,
197,835,
197,318,
197,484,
197,563,
197,235,
197,218,
197,604,
197,596,
197,1166,
198,16,
198,64,
198,194,
198,219,
198,332,
198,397,
198,496,
198,792,
198,1166,
199,23,
199,82,
199,83,
199,107,
199,211,
199,226,
199,236,
199,318,
199,392,
199,584,
199,743,
199,979,
200,362,
200,23,
200,64,
200,395,
200,584,
200,936,
200,226,
200,318,
200,563,
200,736,
200,743,
200,1080,
200,1111,
200,1147,
200,218,
200,935,
200,1037,
200,16,
200,82,
200,83,
200,114,
200,332,
200,596,
200,1166,
200,76,
200,823,
200,1067,
201,212,
201,217,
201,226,
201,236,
201,420,
201,222,
201,596,
201,16,
201,935,
202,16,
202,83,
202,114,
202,194,
202,211,
202,236,
202,332,
202,338,
202,392,
202,584,
202,935,
202,1038,
202,1073,
203,16,
203,23,
203,83,
203,194,
203,211,
203,318,
203,338,
203,584,
203,596,
203,669,
203,743,
203,935,
203,1012,
203,1080,
203,1166,
204,60,
204,219,
204,399,
204,564,
204,584,
204,596,
204,880,
204,919,
204,1168,
205,16,
205,226,
205,392,
205,399,
205,584,
205,129,
205,810,
205,935,
206,23,
206,76,
206,139,
206,190,
206,194,
206,236,
206,668,
206,743,
206,957,
206,979,
206,16,
206,83,
206,108,
206,187,
206,194,
206,231,
206,236,
206,238,
206,275,
206,368,
206,383,
206,392,
206,563,
206,596,
206,686,
206,743,
206,911,
206,979,
206,980,
206,1097,
206,1147,
206,1151,
207,880,
207,395,
207,584,
207,281,
207,291,
207,936,
207,76,
207,226,
207,284,
207,318,
207,396,
207,563,
207,743,
207,1038,
207,1080,
207,182,
207,231,
207,369,
207,398,
207,189,
207,280,
207,935,
207,16,
207,82,
207,83,
207,270,
207,332,
207,596,
207,894,
207,1166,
208,236,
208,318,
208,383,
208,396,
208,563,
208,568,
208,596,
208,604,
208,686,
208,743,
208,1038,
209,24,
209,83,
209,107,
209,187,
209,194,
209,340,
209,366,
209,392,
209,584,
209,919,
209,979,
209,980,
209,1166,
210,16,
210,82,
210,83,
210,194,
210,332,
210,392,
210,564,
210,792,
210,935,
210,1073,
210,1100,
210,1166,
211,40,
211,107,
211,238,
211,280,
211,332,
211,596,
212,395,
212,584,
212,936,
212,76,
212,239,
212,318,
212,563,
212,1080,
212,280,
212,935,
212,1037,
212,16,
212,82,
212,83,
213,395,
213,584,
213,936,
213,76,
213,239,
213,318,
213,396,
213,1080,
213,935,
213,16,
213,82,
213,83,
213,596,
213,669,
213,894,
214,427,
214,604,
214,567,
215,16,
215,55,
215,243,
215,392,
215,484,
215,669,
215,743,
215,1080,
216,63,
216,584,
216,668,
217,244,
217,596,
217,935,
218,82,
218,83,
218,138,
218,236,
218,318,
218,584,
218,596,
218,669,
218,1074,
219,138,
219,194,
219,199,
219,244,
219,584,
219,596,
219,669,
219,781,
219,935,
219,1073,
220,242,
220,596,
220,794,
220,796,
220,563,
220,1168,
221,16,
221,236,
221,246,
221,392,
221,563,
221,584,
221,668,
221,975,
221,604,
221,1151,
222,247,
223,82,
223,138,
223,194,
223,270,
223,340,
223,792,
223,935,
223,1107,
224,16,
224,83,
224,212,
224,217,
224,226,
224,247,
224,484,
224,743,
224,781,
224,935,
224,1073,
224,1089,
225,132,
225,202,
225,420,
225,658,
225,735,
225,935,
225,1073,
226,395,
226,584,
226,936,
226,226,
226,248,
226,318,
226,743,
226,1089,
226,338,
226,280,
226,935,
226,522,
226,82,
226,83,
226,270,
226,596,
226,669,
226,781,
226,1066,
226,1080,
226,424,
226,514,
226,16,
226,370,
226,986,
227,82,
227,83,
227,248,
227,340,
227,584,
227,669,
227,743,
227,935,
227,1073,
228,136,
228,248,
228,392,
228,596,
228,781,
228,894,
228,961,
228,1080,
229,16,
229,60,
229,71,
229,82,
229,194,
229,226,
229,244,
229,280,
229,420,
229,596,
229,658,
229,668,
229,723,
229,935,
229,1038,
229,360,
229,360,
229,395,
229,584,
229,281,
229,936,
229,318,
229,383,
229,484,
229,549,
229,563,
229,743,
229,781,
229,991,
229,1080,
229,1147,
229,64,
229,182,
229,1105,
229,595,
229,207,
229,132,
229,317,
229,1037,
229,522,
229,83,
229,669,
229,894,
229,1166,
230,768,
230,60,
230,406,
230,1080,
230,323,
230,309,
230,198,
231,226,
231,383,
231,522,
231,563,
231,570,
231,596,
231,927,
231,1075,
232,83,
232,107,
232,108,
232,187,
232,236,
232,253,
232,194,
232,383,
232,392,
232,743,
232,919,
232,596,
232,980,
232,1168,
233,405,
233,154,
233,584,
233,936,
233,226,
233,318,
233,563,
233,743,
233,784,
233,1084,
233,306,
233,307,
233,1086,
233,207,
233,372,
233,679,
233,1037,
233,980,
233,323,
233,596,
233,669,
233,1166,
233,56,
234,83,
234,194,
234,236,
234,253,
234,270,
234,275,
234,383,
234,743,
234,828,
235,405,
235,76,
235,1080,
235,207,
235,372,
235,679,
235,789,
235,823,
235,1037,
235,596,
235,1166,
236,395,
236,584,
236,76,
236,318,
236,383,
236,563,
236,743,
236,1080,
236,372,
236,935,
236,16,
236,82,
236,83,
236,332,
236,596,
236,894,
236,1166,
237,275,
237,76,
237,318,
237,383,
237,384,
237,396,
237,563,
237,686,
237,743,
237,1038,
237,1080,
237,1097,
237,369,
237,372,
237,189,
237,980,
237,82,
237,83,
237,270,
237,596,
237,894,
237,1166,
238,16,
238,75,
238,236,
238,253,
238,318,
238,392,
238,584,
238,596,
238,743,
238,935,
238,961,
238,979,
238,1038,
238,1166,
239,24,
239,154,
239,194,
239,236,
239,200,
239,392,
239,554,
239,332,
239,584,
239,919,
239,935,
239,1166,
240,16,
240,194,
240,337,
240,567,
240,935,
240,980,
240,1166,
241,395,
241,584,
241,936,
241,318,
241,563,
241,743,
241,1080,
241,424,
241,514,
241,1049,
241,263,
241,935,
241,1037,
241,77,
241,522,
241,16,
241,332,
241,894,
241,1166,
241,154,
241,1084,
241,307,
241,338,
241,1086,
241,980,
241,114,
241,1067,
241,1127,
241,409,
242,15,
242,23,
242,82,
242,83,
242,236,
242,254,
242,262,
242,584,
242,743,
242,792,
242,919,
242,935,
242,1166,
243,16,
243,194,
243,207,
243,543,
243,332,
243,584,
243,743,
243,152,
243,153,
243,263,
243,318,
243,358,
243,392,
243,395,
243,604,
243,743,
244,16,
244,194,
244,207,
244,543,
244,332,
244,584,
244,743,
245,82,
245,83,
245,134,
245,194,
245,236,
245,263,
245,329,
245,332,
245,792,
245,129,
245,1073,
245,1166,
246,82,
246,107,
246,135,
246,194,
246,236,
246,263,
246,392,
246,399,
246,596,
246,670,
246,743,
246,935,
246,975,
246,1166,
247,83,
247,107,
247,134,
247,236,
247,263,
247,270,
247,392,
247,564,
247,584,
247,743,
247,979,
247,980,
247,1168,
248,182,
248,263,
248,430,
248,596,
248,1078,
248,1166,
249,360,
249,464,
249,960,
249,880,
249,395,
249,584,
249,936,
249,76,
249,226,
249,284,
249,318,
249,563,
249,736,
249,743,
249,1080,
249,1111,
249,134,
249,182,
249,1097,
249,1105,
249,263,
249,207,
249,132,
249,935,
249,1037,
249,16,
249,82,
249,83,
249,332,
249,596,
249,1166,
250,16,
250,194,
250,263,
250,439,
250,584,
250,935,
250,1073,
250,1151,
250,1168,
251,23,
251,395,
251,584,
251,936,
251,76,
251,226,
251,318,
251,563,
251,736,
251,743,
251,1080,
251,182,
251,740,
251,182,
251,1097,
251,1105,
251,338,
251,263,
251,935,
251,1037,
251,604,
251,16,
251,82,
251,83,
251,894,
251,1166,
251,484,
251,1111,
251,424,
251,1049,
251,280,
251,332,
251,596,
251,1089,
251,514,
251,1086,
251,114,
252,362,
252,395,
252,584,
252,936,
252,76,
252,226,
252,318,
252,563,
252,736,
252,743,
252,1080,
252,1147,
252,1097,
252,338,
252,424,
252,514,
252,263,
252,785,
252,280,
252,935,
252,1037,
252,604,
252,16,
252,82,
252,83,
252,596,
252,894,
252,1166,
252,284,
252,1111,
252,182,
252,332,
253,788,
253,23,
253,880,
253,395,
253,584,
253,936,
253,76,
253,226,
253,318,
253,563,
253,736,
253,743,
253,974,
253,1080,
253,1147,
253,1097,
253,424,
253,1049,
253,263,
253,935,
253,1037,
253,16,
253,83,
253,332,
253,926,
253,1166,
253,990,
254,16,
254,194,
254,263,
254,332,
254,338,
254,392,
254,564,
254,744,
254,792,
254,927,
254,935,
254,1168,
255,60,
255,175,
255,264,
255,596,
255,668,
255,743,
255,1166,
256,16,
256,265,
256,392,
256,542,
256,743,
256,792,
256,979,
256,1075,
256,1076,
257,295,
257,229,
257,584,
257,275,
257,76,
257,318,
257,484,
257,563,
257,743,
257,1080,
257,1147,
257,182,
257,1097,
257,1105,
257,263,
257,862,
257,16,
257,83,
257,270,
257,596,
257,894,
257,1166,
258,362,
258,23,
258,395,
258,584,
258,416,
258,936,
258,76,
258,226,
258,318,
258,563,
258,736,
258,743,
258,1038,
258,1080,
258,1111,
258,1147,
258,1105,
258,424,
258,1049,
258,263,
258,935,
258,16,
258,82,
258,83,
258,332,
258,1166,
259,114,
259,194,
259,264,
259,320,
259,332,
259,1089,
259,596,
259,668,
259,1073,
259,1168,
260,76,
260,83,
260,194,
260,236,
260,263,
260,270,
260,935,
260,1038,
261,16,
261,82,
261,83,
261,114,
261,194,
261,236,
261,267,
261,318,
261,564,
261,584,
261,596,
261,743,
261,792,
261,935,
261,979,
261,1166,
262,16,
262,318,
262,332,
262,338,
262,392,
262,395,
262,584,
262,935,
262,1076,
263,318,
263,392,
263,558,
263,894,
264,136,
264,194,
264,236,
264,263,
264,584,
264,743,
264,935,
264,1073,
264,1166,
265,362,
265,395,
265,584,
265,936,
265,226,
265,318,
265,563,
265,736,
265,743,
265,1080,
265,1111,
265,182,
265,182,
265,1097,
265,1105,
265,338,
265,424,
265,514,
265,263,
265,280,
265,935,
265,1037,
265,16,
265,332,
265,596,
265,1166,
265,229,
265,76,
265,284,
265,65,
265,114,
266,395,
266,584,
266,936,
266,76,
266,226,
266,284,
266,318,
266,563,
266,736,
266,743,
266,1038,
266,1080,
266,1111,
266,182,
266,1097,
266,1105,
266,424,
266,1049,
266,1086,
266,263,
266,280,
266,935,
266,1037,
266,16,
266,82,
266,83,
266,332,
266,1166,
266,182,
266,514,
266,596,
266,894,
267,82,
267,83,
267,107,
267,236,
267,270,
267,275,
267,723,
267,743,
267,931,
267,979,
267,1097,
268,83,
268,340,
268,986,
268,1073,
269,23,
269,82,
269,194,
269,263,
269,275,
269,392,
269,199,
269,723,
269,743,
269,979,
270,82,
270,83,
270,134,
270,194,
270,543,
270,275,
270,564,
270,584,
270,602,
270,743,
270,792,
270,919,
271,395,
271,584,
271,275,
271,936,
271,76,
271,318,
271,743,
271,1080,
271,134,
271,263,
271,280,
271,789,
271,935,
271,1037,
271,83,
271,894,
271,1166,
272,275,
272,76,
272,318,
272,383,
272,743,
272,1080,
272,1147,
272,1097,
272,369,
272,189,
272,16,
272,270,
272,894,
273,383,
273,979,
273,392,
273,270,
273,83,
273,318,
273,596,
273,1166,
273,1080,
274,275,
274,329,
274,392,
274,584,
274,596,
274,935,
274,1073,
274,1168,
275,405,
275,275,
275,1080,
275,207,
275,1037,
275,596,
276,229,
276,275,
276,76,
276,226,
276,318,
276,383,
276,384,
276,429,
276,484,
276,743,
276,1038,
276,1080,
276,1147,
276,182,
276,182,
276,1097,
276,1105,
276,369,
276,411,
276,159,
276,558,
276,189,
276,280,
276,16,
276,83,
276,596,
276,894,
276,1166,
277,395,
277,584,
277,275,
277,936,
277,76,
277,318,
277,743,
277,1080,
277,280,
277,679,
277,935,
277,1037,
277,16,
277,82,
277,83,
277,332,
277,596,
277,894,
278,281,
278,318,
278,383,
278,743,
278,1080,
278,369,
278,189,
278,280,
278,935,
278,16,
278,596,
278,1166,
278,76,
278,894,
279,1012,
279,369,
279,282,
279,743,
279,723,
279,226,
279,236,
280,188,
280,236,
280,596,
280,1097,
281,207,
281,264,
281,406,
281,567,
281,596,
281,1166,
282,16,
282,114,
282,312,
282,318,
282,332,
282,392,
282,422,
282,448,
282,584,
282,595,
282,596,
282,705,
282,797,
282,1166,
283,16,
283,332,
283,395,
283,584,
283,935,
283,1073,
284,24,
284,154,
284,194,
284,236,
284,200,
284,392,
284,554,
284,332,
284,584,
284,919,
284,935,
284,1166,
285,82,
285,293,
285,792,
285,1025,
286,16,
286,236,
286,294,
286,332,
286,392,
286,603,
286,743,
286,935,
286,1168,
287,207,
287,236,
287,294,
287,295,
287,392,
287,743,
287,979,
287,1151,
288,164,
288,194,
288,207,
288,236,
288,294,
288,513,
288,596,
288,1168,
289,107,
289,187,
289,207,
289,226,
289,236,
289,293,
289,164,
289,366,
289,596,
289,723,
289,743,
289,935,
289,1166,
290,16,
290,236,
290,294,
290,332,
290,392,
290,603,
290,743,
290,935,
290,1168,
291,362,
291,395,
291,584,
291,936,
291,226,
291,318,
291,396,
291,563,
291,743,
291,781,
291,1080,
291,1111,
291,182,
291,1105,
291,595,
291,207,
291,280,
291,935,
291,1037,
291,980,
291,16,
291,114,
291,1166,
291,736,
291,263,
291,747,
291,823,
291,182,
291,894,
292,295,
292,323,
292,584,
293,16,
293,82,
293,83,
293,194,
293,229,
293,236,
293,332,
293,392,
293,584,
293,747,
293,792,
293,1166,
294,84,
294,114,
294,207,
294,219,
294,222,
294,236,
294,318,
294,321,
294,563,
294,584,
294,646,
294,904,
294,919,
294,935,
294,983,
294,1156,
294,1166,
295,11,
295,60,
295,668,
295,979,
295,1078,
295,1151,
296,60,
296,30,
296,571,
296,584,
296,668,
296,811,
297,207,
297,30,
297,448,
297,584,
297,596,
297,811,
298,194,
298,323,
298,584,
298,596,
298,665,
299,16,
299,320,
299,332,
299,392,
299,584,
299,669,
300,395,
300,584,
300,936,
300,1080,
300,338,
300,280,
300,935,
300,82,
300,83,
300,894,
301,395,
301,584,
301,936,
301,318,
301,320,
301,743,
301,935,
301,16,
301,82,
301,83,
301,596,
301,669,
302,320,
302,16,
302,792,
302,138,
302,935,
302,596,
303,395,
303,584,
303,936,
303,318,
303,320,
303,743,
303,1080,
303,556,
303,280,
303,679,
303,823,
303,935,
303,1037,
303,16,
303,82,
303,596,
303,83,
304,207,
304,320,
304,543,
304,596,
304,797,
305,320,
305,16,
305,107,
305,332,
305,792,
305,797,
305,935,
305,1073,
305,392,
306,1083,
306,788,
306,584,
306,226,
306,736,
306,743,
306,781,
306,1111,
306,1136,
306,53,
306,323,
306,596,
307,114,
307,194,
307,226,
307,275,
307,668,
307,723,
307,743,
307,792,
307,919,
307,935,
308,60,
308,82,
308,83,
308,137,
308,194,
308,212,
308,217,
308,354,
308,368,
308,383,
308,549,
308,567,
308,584,
308,669,
308,743,
308,758,
308,781,
308,935,
308,1049,
308,1066,
309,16,
309,82,
309,137,
309,194,
309,164,
309,392,
309,792,
309,935,
309,1025,
309,329,
309,698,
309,1073,
310,226,
310,318,
310,743,
310,1080,
310,1147,
310,595,
310,207,
310,369,
310,132,
310,189,
310,935,
310,16,
310,332,
310,596,
310,1166,
310,164,
310,23,
310,280,
310,894,
311,107,
311,207,
311,236,
311,369,
311,164,
311,596,
311,1166,
311,189,
312,60,
312,392,
312,395,
312,30,
312,448,
312,584,
312,596,
312,1143,
313,236,
313,318,
313,331,
313,369,
313,743,
313,979,
313,189,
314,60,
314,330,
314,486,
314,596,
314,668,
314,743,
315,112,
315,116,
315,318,
315,336,
315,646,
315,654,
315,724,
315,794,
315,796,
315,927,
316,82,
316,270,
316,339,
316,340,
316,935,
317,82,
317,83,
317,112,
317,332,
317,338,
317,378,
317,584,
317,743,
317,792,
317,919,
317,935,
317,979,
317,1168,
318,16,
318,23,
318,226,
318,229,
318,318,
318,332,
318,563,
318,584,
318,596,
318,743,
318,211,
318,927,
318,935,
318,979,
318,1073,
318,1166,
319,327,
319,392,
319,584,
320,16,
320,83,
320,136,
320,138,
320,194,
320,236,
320,280,
320,338,
320,348,
320,596,
320,129,
320,792,
321,16,
321,83,
321,136,
321,138,
321,194,
321,236,
321,280,
321,338,
321,348,
321,596,
321,129,
321,792,
322,207,
322,30,
322,584,
322,699,
322,811,
322,1044,
323,132,
323,138,
323,350,
323,549,
323,781,
323,919,
323,935,
324,109,
324,295,
324,23,
324,229,
324,76,
324,284,
324,318,
324,383,
324,396,
324,429,
324,484,
324,563,
324,686,
324,1080,
324,1097,
324,351,
324,369,
324,558,
324,82,
324,83,
324,270,
324,596,
324,894,
324,1166,
325,16,
325,82,
325,83,
325,137,
325,226,
325,338,
325,354,
325,669,
325,743,
325,781,
325,897,
325,935,
326,354,
326,584,
326,383,
326,781,
326,1080,
326,369,
326,132,
326,189,
326,16,
326,332,
326,78,
327,392,
327,134,
327,676,
327,16,
327,935,
327,138,
328,16,
328,114,
328,134,
328,194,
328,236,
328,263,
328,275,
328,392,
328,399,
328,486,
328,564,
328,584,
328,640,
328,935,
328,1166,
329,395,
329,584,
329,936,
329,76,
329,226,
329,318,
329,1080,
329,358,
329,935,
329,16,
329,894,
329,1166,
330,16,
330,280,
330,323,
330,395,
330,668,
330,861,
330,1073,
330,1133,
331,366,
331,16,
331,395,
331,792,
331,1073,
332,16,
332,320,
332,596,
332,792,
332,797,
332,935,
332,1073,
333,16,
333,138,
333,332,
333,584,
333,129,
333,792,
333,861,
333,935,
334,16,
334,23,
334,392,
334,584,
334,792,
334,794,
334,796,
334,861,
334,979,
334,1073,
334,1151,
335,16,
335,57,
335,194,
335,199,
335,323,
335,366,
335,584,
335,792,
335,1073,
336,323,
336,788,
336,1114,
336,1168,
337,29,
337,416,
337,575,
337,584,
337,961,
337,1172,
338,596,
338,1166,
338,1007,
338,604,
338,406,
338,1079,
338,175,
338,1078,
338,392,
339,584,
339,936,
339,76,
339,318,
339,383,
339,1080,
339,370,
339,935,
339,16,
339,83,
339,270,
339,596,
339,669,
339,894,
340,30,
340,207,
340,584,
340,596,
340,811,
340,988,
341,318,
341,383,
341,743,
341,1080,
341,369,
341,187,
341,189,
341,935,
341,1037,
341,16,
341,596,
341,894,
341,1166,
342,392,
342,149,
342,668,
342,280,
342,194,
342,236,
342,584,
342,935,
342,1073,
343,190,
343,194,
343,236,
343,383,
343,392,
343,270,
344,960,
344,395,
344,584,
344,936,
344,76,
344,85,
344,318,
344,386,
344,1080,
344,424,
344,370,
344,935,
344,16,
344,82,
344,83,
344,596,
344,669,
345,16,
345,83,
345,138,
345,194,
345,383,
345,584,
345,677,
345,927,
345,935,
345,979,
345,1105,
346,83,
346,383,
346,584,
346,596,
346,669,
346,724,
346,1073,
347,662,
347,236,
347,979,
347,392,
347,681,
347,369,
347,270,
347,107,
347,318,
347,83,
348,16,
348,132,
348,392,
348,792,
348,935,
349,16,
349,83,
349,194,
349,236,
349,280,
349,366,
349,392,
349,563,
349,584,
350,392,
350,584,
351,83,
351,570,
351,669,
351,750,
351,1080,
352,107,
352,108,
352,134,
352,187,
352,247,
352,584,
352,935,
352,1080,
353,15,
353,16,
353,82,
353,83,
353,139,
353,543,
353,399,
353,584,
353,723,
353,743,
353,1080,
353,1166,
354,601,
354,309,
354,596,
354,775,
354,794,
354,796,
354,1166,
355,49,
355,132,
355,226,
355,420,
355,496,
355,503,
355,596,
355,656,
355,743,
355,818,
355,935,
355,997,
355,1073,
356,354,
356,584,
356,936,
356,383,
356,384,
356,781,
356,1066,
356,424,
356,595,
356,742,
356,207,
356,522,
356,16,
356,56,
356,596,
356,669,
356,55,
357,392,
357,933,
357,935,
357,570,
357,16,
357,584,
357,669,
357,83,
358,82,
358,83,
358,139,
358,194,
358,226,
358,392,
358,584,
358,596,
358,602,
358,669,
358,737,
358,743,
358,781,
358,927,
359,138,
359,270,
359,340,
359,396,
360,16,
360,82,
360,83,
360,396,
360,584,
360,669,
360,900,
360,935,
360,1073,
361,60,
361,194,
361,226,
361,236,
361,392,
361,396,
361,486,
361,724,
361,743,
361,956,
361,1007,
361,1078,
361,1166,
362,275,
362,318,
362,383,
362,743,
362,1080,
362,1097,
362,369,
362,809,
362,189,
362,401,
362,980,
362,270,
362,596,
362,894,
363,60,
363,448,
363,584,
363,698,
363,811,
363,1143,
364,194,
364,270,
364,275,
364,369,
364,1097,
365,281,
365,318,
365,383,
365,369,
365,189,
365,401,
365,280,
365,935,
365,16,
365,596,
366,362,
366,318,
366,383,
366,743,
366,369,
366,411,
366,189,
366,401,
366,935,
366,16,
366,596,
367,362,
367,318,
367,743,
367,595,
367,369,
367,189,
367,401,
367,280,
367,935,
367,980,
367,16,
367,596,
367,1166,
367,789,
367,894,
368,318,
368,1080,
368,369,
368,1157,
368,401,
368,935,
368,16,
368,596,
368,894,
368,1166,
369,194,
369,392,
369,584,
369,596,
369,669,
369,781,
369,979,
369,1073,
370,275,
370,318,
370,743,
370,1080,
370,1097,
370,369,
370,411,
370,189,
370,401,
370,16,
370,270,
370,596,
370,383,
371,392,
371,401,
371,584,
371,596,
371,669,
371,743,
371,781,
371,979,
371,1073,
372,107,
372,137,
372,194,
372,226,
372,668,
372,743,
372,935,
373,584,
373,936,
373,226,
373,318,
373,743,
373,1080,
373,401,
373,935,
373,82,
373,83,
373,596,
373,669,
374,401,
374,584,
374,668,
375,114,
375,584,
375,654,
375,743,
375,1025,
376,619,
376,743,
376,226,
376,236,
376,1151,
376,175,
376,291,
376,207,
376,980,
376,596,
376,1168,
376,242,
376,16,
376,395,
376,584,
376,392,
376,194,
377,318,
377,399,
377,979,
377,16,
377,1080,
377,1151,
378,194,
378,236,
378,332,
378,411,
378,979,
378,1151,
379,41,
379,187,
379,236,
379,392,
379,411,
379,596,
379,723,
379,1168,
380,82,
380,280,
380,423,
380,516,
380,584,
380,596,
380,792,
380,1073,
381,395,
381,584,
381,936,
381,76,
381,318,
381,429,
381,484,
381,563,
381,743,
381,1080,
381,370,
381,558,
381,83,
381,596,
381,894,
381,960,
381,226,
381,383,
381,424,
381,514,
381,935,
381,16,
381,669,
382,429,
382,424,
382,743,
382,226,
382,927,
382,83,
382,366,
382,318,
382,563,
382,340,
382,584,
382,558,
382,392,
382,406,
382,969,
383,194,
383,236,
383,431,
383,596,
383,935,
383,1073,
384,1035,
384,76,
384,318,
384,429,
384,743,
384,1080,
384,369,
384,189,
384,83,
384,270,
384,596,
384,894,
385,16,
385,60,
385,226,
385,486,
385,556,
385,596,
385,723,
385,736,
385,1078,
386,226,
386,318,
386,383,
386,424,
386,429,
386,420,
386,743,
386,927,
386,596,
386,1151,
387,288,
387,584,
387,678,
388,318,
388,332,
388,743,
388,979,
388,1073,
388,1080,
389,443,
389,82,
389,792,
389,332,
389,935,
389,194,
390,16,
390,332,
390,448,
390,554,
390,746,
390,792,
391,16,
391,82,
391,83,
391,182,
391,187,
391,194,
391,236,
391,270,
391,332,
391,340,
391,396,
391,584,
391,669,
391,743,
391,1168,
392,24,
392,53,
392,60,
392,596,
392,1097,
392,1166,
393,23,
393,82,
393,83,
393,107,
393,182,
393,187,
393,194,
393,236,
393,332,
393,340,
393,366,
393,383,
393,596,
393,743,
393,979,
393,1168,
394,395,
394,584,
394,936,
394,76,
394,226,
394,318,
394,743,
394,1080,
394,182,
394,182,
394,1105,
394,263,
394,189,
394,935,
394,1037,
394,16,
394,596,
395,83,
395,107,
395,182,
395,194,
395,369,
395,596,
395,641,
395,668,
395,1168,
395,189,
396,30,
396,448,
396,584,
396,596,
396,648,
396,811,
397,63,
397,584,
398,332,
398,462,
398,596,
398,668,
398,880,
398,935,
399,23,
399,83,
399,194,
399,236,
399,338,
399,392,
399,462,
399,16,
399,743,
399,1107,
399,1151,
400,16,
400,236,
400,306,
400,392,
400,399,
400,462,
400,584,
400,668,
400,681,
400,743,
400,979,
400,1151,
401,360,
401,464,
401,960,
402,83,
402,194,
402,236,
402,395,
402,584,
402,596,
402,724,
403,107,
403,194,
403,236,
403,383,
403,396,
403,474,
403,563,
403,596,
403,798,
403,979,
403,1038,
404,960,
404,880,
404,395,
404,584,
404,936,
404,76,
404,318,
404,396,
404,563,
404,743,
404,1038,
404,1080,
404,306,
404,424,
404,1086,
404,474,
404,1157,
404,398,
404,935,
404,1037,
404,604,
404,16,
404,82,
404,83,
404,270,
404,596,
404,894,
404,1166,
405,16,
405,83,
405,114,
405,194,
405,236,
405,392,
405,182,
405,640,
405,743,
405,792,
405,808,
405,974,
405,979,
406,362,
406,275,
406,76,
406,318,
406,563,
406,686,
406,743,
406,1038,
406,1080,
406,134,
406,182,
406,1097,
406,263,
406,603,
406,1136,
406,369,
406,189,
406,980,
406,16,
406,82,
406,83,
406,596,
406,1166,
406,295,
406,862,
406,1037,
406,270,
406,894,
407,83,
407,194,
407,340,
407,484,
407,558,
407,724,
407,743,
407,781,
408,16,
408,194,
408,212,
408,217,
408,226,
408,306,
408,340,
408,484,
408,584,
408,669,
408,743,
408,758,
408,781,
408,1089,
409,405,
409,76,
409,226,
409,284,
409,484,
409,743,
409,207,
409,679,
409,789,
409,797,
409,1037,
409,596,
409,894,
410,405,
410,76,
410,226,
410,484,
410,743,
410,1080,
410,1147,
410,207,
410,411,
410,1157,
410,556,
410,785,
410,280,
410,823,
410,1037,
410,596,
411,60,
411,83,
411,107,
411,194,
411,236,
411,392,
411,596,
411,935,
411,1166,
412,489,
412,681,
412,152,
412,153,
412,16,
412,584,
412,332,
412,194,
412,567,
412,1166,
412,137,
412,935,
413,16,
413,76,
413,83,
413,84,
413,236,
413,318,
413,332,
413,383,
413,489,
413,743,
413,828,
413,935,
413,979,
414,395,
414,584,
414,936,
414,76,
414,318,
414,743,
414,1080,
414,372,
414,280,
414,935,
414,1037,
414,16,
414,82,
414,83,
414,669,
414,1166,
415,23,
415,194,
415,236,
415,558,
415,743,
415,935,
416,15,
416,60,
416,187,
416,236,
416,280,
416,489,
416,596,
416,894,
417,194,
417,584,
417,919,
417,935,
417,1166,
418,16,
418,82,
418,83,
418,194,
418,226,
418,236,
418,340,
418,399,
418,584,
418,743,
418,785,
418,935,
418,979,
418,1073,
418,1168,
419,16,
419,138,
419,194,
419,323,
419,346,
419,584,
419,595,
419,655,
419,737,
419,743,
419,784,
419,935,
419,980,
419,1168,
420,16,
420,318,
420,378,
420,584,
420,723,
420,739,
420,743,
421,362,
421,229,
421,395,
421,584,
421,275,
421,936,
421,76,
421,226,
421,284,
421,318,
421,383,
421,396,
421,429,
421,563,
421,686,
421,743,
421,1038,
421,1080,
421,1147,
421,182,
421,182,
421,1097,
421,595,
421,862,
421,369,
421,159,
421,935,
421,980,
421,16,
421,82,
421,83,
421,596,
421,894,
421,1166,
422,82,
422,83,
422,236,
422,270,
422,318,
422,332,
422,340,
422,76,
422,383,
422,182,
422,493,
422,563,
422,662,
422,743,
423,494,
423,596,
423,1139,
423,16,
423,980,
423,584,
423,1166,
423,1151,
423,320,
423,563,
424,114,
424,194,
424,323,
424,332,
424,496,
424,596,
424,668,
424,556,
424,1166,
425,82,
425,83,
425,116,
425,194,
425,270,
425,280,
425,682,
425,936,
426,194,
426,226,
426,392,
426,584,
426,602,
426,669,
426,723,
426,919,
426,935,
426,1073,
427,82,
427,83,
427,138,
427,165,
427,194,
427,199,
427,338,
427,542,
427,584,
427,669,
427,781,
427,828,
427,919,
427,935,
428,354,
428,395,
428,584,
428,936,
428,226,
428,284,
428,318,
428,387,
428,429,
428,484,
428,549,
428,736,
428,743,
428,781,
428,424,
428,207,
428,369,
428,132,
428,280,
428,935,
428,522,
428,16,
428,82,
428,986,
428,83,
428,596,
428,669,
429,16,
429,60,
429,82,
429,83,
429,132,
429,420,
429,549,
429,584,
429,792,
429,935,
429,957,
430,23,
430,83,
430,139,
430,194,
430,236,
430,269,
430,270,
430,282,
430,429,
430,563,
430,564,
430,596,
430,743,
430,816,
430,979,
430,1166,
431,23,
431,83,
431,139,
431,194,
431,236,
431,269,
431,270,
431,282,
431,429,
431,563,
431,564,
431,596,
431,743,
431,816,
431,979,
431,1166,
432,76,
432,83,
432,194,
432,236,
432,270,
432,280,
432,513,
432,595,
432,129,
432,935,
432,1105,
433,164,
433,194,
433,207,
433,236,
433,294,
433,513,
433,596,
433,1168,
434,60,
434,63,
434,309,
434,30,
434,514,
434,584,
434,596,
435,16,
435,82,
435,83,
435,340,
435,543,
435,668,
436,16,
436,236,
436,543,
436,399,
436,460,
436,584,
436,596,
436,668,
436,980,
436,1166,
437,960,
437,173,
437,416,
437,835,
437,318,
437,1080,
437,235,
437,218,
437,980,
437,596,
437,894,
437,1166,
437,839,
437,291,
437,226,
437,563,
437,743,
437,360,
438,60,
438,420,
438,149,
438,226,
438,236,
438,403,
438,484,
438,556,
438,668,
438,743,
438,786,
438,935,
438,1111,
438,1134,
439,364,
439,23,
439,1147,
439,743,
439,736,
439,263,
439,556,
439,785,
439,1134,
439,990,
439,114,
439,584,
439,392,
440,159,
440,194,
440,200,
440,392,
440,411,
440,556,
440,743,
440,974,
440,979,
440,129,
441,405,
441,546,
441,1037,
441,596,
441,880,
441,679,
441,823,
441,1166,
441,448,
442,16,
442,175,
442,236,
442,309,
442,332,
442,392,
442,564,
442,596,
442,792,
442,956,
442,1166,
443,584,
443,936,
443,76,
443,226,
443,318,
443,484,
443,549,
443,743,
443,999,
443,1080,
443,370,
443,280,
443,935,
443,16,
443,83,
443,669,
443,395,
443,686,
443,596,
443,894,
444,16,
444,332,
444,448,
444,554,
444,746,
444,792,
445,16,
445,82,
445,83,
445,194,
445,392,
445,554,
445,584,
445,129,
445,935,
446,405,
446,76,
446,226,
446,318,
446,1080,
446,182,
446,207,
446,789,
446,1037,
446,596,
446,1166,
447,16,
447,318,
447,555,
447,584,
447,669,
447,743,
447,761,
447,935,
448,194,
448,448,
448,596,
448,668,
448,556,
448,1085,
449,41,
449,107,
449,188,
449,368,
450,16,
450,114,
450,194,
450,207,
450,556,
450,596,
450,640,
450,743,
450,927,
450,935,
450,979,
450,980,
450,1073,
450,1166,
451,41,
451,82,
451,83,
451,194,
451,323,
451,332,
451,340,
451,395,
451,668,
451,935,
452,275,
452,194,
452,1080,
452,1151,
452,979,
452,558,
453,16,
453,556,
453,584,
453,596,
453,669,
453,1166,
454,83,
454,187,
454,236,
454,270,
454,366,
454,392,
454,723,
454,724,
454,743,
454,979,
455,16,
455,392,
455,508,
455,668,
455,669,
455,791,
455,792,
455,961,
455,1066,
456,109,
456,556,
456,668,
457,132,
457,323,
457,392,
457,420,
457,584,
457,596,
457,669,
457,781,
457,1166,
458,60,
458,132,
458,202,
458,935,
458,323,
458,330,
458,346,
458,392,
458,420,
458,476,
458,584,
458,669,
458,758,
458,781,
458,596,
458,1136,
459,9,
459,60,
459,323,
459,406,
459,508,
459,669,
459,743,
459,792,
459,1118,
460,208,
460,30,
460,571,
460,584,
460,668,
460,811,
460,61,
461,236,
461,383,
461,583,
461,596,
461,604,
461,724,
461,748,
461,1038,
462,83,
462,84,
462,236,
462,318,
462,366,
462,554,
462,583,
462,619,
462,828,
462,1038,
462,1105,
462,1166,
463,109,
463,229,
463,318,
463,383,
463,563,
463,743,
463,1080,
463,595,
463,862,
463,207,
463,189,
463,980,
463,596,
463,1166,
464,15,
464,16,
464,236,
464,514,
464,584,
464,595,
465,362,
465,395,
465,584,
465,835,
465,936,
465,76,
465,226,
465,318,
465,383,
465,563,
465,743,
465,1080,
465,1147,
465,182,
465,1097,
465,1105,
465,235,
465,338,
465,424,
465,514,
465,1049,
465,1086,
465,595,
465,742,
465,280,
465,935,
465,604,
465,16,
465,596,
465,894,
465,1166,
466,109,
466,295,
466,584,
466,226,
466,318,
466,743,
466,1080,
466,1111,
466,182,
466,182,
466,1097,
466,595,
466,4,
466,411,
466,879,
466,1157,
466,52,
466,159,
466,391,
466,398,
466,556,
466,785,
466,900,
466,189,
466,16,
466,83,
466,596,
466,894,
466,1166,
467,236,
467,318,
467,383,
467,595,
467,1038,
467,1166,
468,16,
468,132,
468,194,
468,207,
468,226,
468,331,
468,332,
468,420,
468,484,
468,584,
468,595,
468,668,
468,935,
468,1166,
469,16,
469,236,
469,332,
469,358,
469,563,
469,584,
469,595,
469,743,
469,792,
469,816,
469,1075,
469,1076,
470,83,
470,107,
470,236,
470,392,
470,595,
470,596,
470,641,
470,935,
470,979,
470,1151,
471,194,
471,197,
471,392,
471,420,
471,596,
471,668,
471,740,
471,1147,
471,927,
471,935,
471,1151,
471,1166,
472,362,
472,229,
472,395,
472,584,
472,936,
472,76,
472,226,
472,318,
472,496,
472,563,
472,736,
472,743,
472,974,
472,1080,
472,1089,
472,1111,
472,182,
472,740,
472,182,
472,1097,
472,1105,
472,424,
472,1049,
472,595,
472,280,
472,935,
472,1037,
472,16,
472,332,
472,596,
472,1166,
473,16,
473,236,
473,318,
473,337,
473,584,
473,595,
473,604,
473,743,
473,1073,
473,1168,
474,362,
474,109,
474,395,
474,275,
474,55,
474,123,
474,318,
474,384,
474,396,
474,429,
474,549,
474,686,
474,974,
474,1080,
474,1147,
474,182,
474,182,
474,1097,
474,1105,
474,595,
474,862,
474,369,
474,556,
474,558,
474,747,
474,189,
474,16,
474,82,
474,83,
474,596,
474,894,
475,71,
475,76,
475,318,
475,383,
475,563,
475,641,
475,743,
475,748,
475,1038,
475,1080,
475,182,
475,1105,
475,595,
475,207,
475,369,
475,189,
475,280,
475,935,
475,1037,
475,77,
475,980,
475,16,
475,83,
475,596,
475,1166,
475,82,
475,429,
475,894,
476,23,
476,92,
476,935,
477,16,
477,82,
477,83,
477,139,
477,229,
477,282,
477,318,
477,368,
477,429,
477,484,
477,513,
477,743,
478,318,
478,563,
478,743,
478,119,
478,424,
478,514,
478,1049,
478,1086,
478,797,
478,935,
478,16,
478,596,
478,1166,
479,16,
479,236,
479,318,
479,420,
479,429,
479,513,
479,743,
479,1038,
479,1097,
480,30,
480,207,
480,448,
480,584,
480,596,
480,811,
481,16,
481,182,
481,194,
481,236,
481,338,
481,395,
481,584,
481,743,
481,935,
481,1097,
481,1166,
482,82,
482,358,
482,392,
482,584,
482,743,
482,919,
482,979,
482,1025,
483,603,
483,1089,
483,743,
483,979,
483,318,
483,668,
483,114,
483,332,
483,1168,
483,1073,
484,395,
484,584,
484,936,
484,76,
484,226,
484,318,
484,484,
484,736,
484,743,
484,1080,
484,1089,
484,1111,
484,603,
484,789,
484,935,
484,1037,
484,16,
484,82,
484,83,
484,596,
484,894,
484,1067,
484,1166,
484,362,
484,320,
484,496,
484,810,
484,280,
484,679,
484,797,
484,823,
484,1100,
484,740,
484,1000,
484,150,
484,448,
485,207,
485,406,
485,508,
485,596,
485,603,
485,1166,
486,194,
486,196,
486,734,
486,332,
486,338,
486,424,
486,1080,
486,16,
486,743,
486,1154,
486,1166,
486,16,
487,60,
487,76,
487,139,
487,194,
487,226,
487,280,
487,309,
487,323,
487,331,
487,338,
487,383,
487,420,
487,549,
487,682,
487,868,
487,935,
487,1073,
488,16,
488,114,
488,194,
488,392,
488,584,
488,596,
488,739,
488,880,
488,935,
488,1073,
488,1168,
489,677,
489,178,
489,596,
489,935,
490,154,
491,194,
491,226,
491,236,
491,332,
491,383,
491,416,
491,427,
491,567,
491,584,
491,743,
491,792,
491,919,
491,935,
491,1105,
491,1151,
491,1166,
492,107,
492,194,
492,270,
492,332,
492,431,
492,595,
492,681,
492,1080,
493,107,
493,194,
493,270,
493,332,
493,431,
493,595,
493,681,
493,1080,
494,82,
494,154,
494,427,
494,584,
494,595,
494,698,
494,16,
494,744,
494,792,
494,332,
494,863,
494,1143,
494,1166,
495,82,
495,132,
495,420,
495,584,
495,596,
495,935,
495,979,
495,980,
495,1073,
495,1168,
496,83,
496,236,
496,270,
496,275,
496,619,
496,681,
496,723,
496,743,
496,979,
497,16,
497,83,
497,194,
497,236,
497,383,
497,392,
497,596,
497,619,
497,935,
497,1166,
498,107,
498,194,
498,369,
498,368,
498,596,
498,619,
498,935,
498,1168,
498,189,
499,367,
499,392,
499,270,
500,138,
500,226,
500,236,
500,318,
500,340,
500,395,
500,399,
500,584,
500,619,
500,743,
500,919,
500,1105,
500,1166,
501,194,
501,669,
501,496,
501,963,
501,1066,
501,1089,
501,1100,
501,1139,
502,16,
502,194,
502,332,
502,182,
502,584,
502,619,
502,743,
502,935,
502,979,
503,60,
503,187,
503,329,
503,366,
503,369,
503,416,
503,427,
503,554,
503,564,
503,619,
503,743,
503,835,
503,919,
503,979,
503,1105,
503,1166,
504,15,
504,107,
504,154,
504,395,
504,416,
504,596,
504,619,
504,658,
504,816,
504,935,
504,1076,
505,16,
505,194,
505,392,
505,584,
505,619,
505,979,
506,7,
506,16,
506,108,
506,392,
506,429,
506,182,
506,584,
506,743,
507,420,
507,197,
507,801,
507,16,
507,584,
507,935,
507,194,
508,133,
508,189,
508,596,
508,935,
508,980,
508,1038,
508,1073,
508,1168,
509,84,
509,114,
509,207,
509,318,
509,338,
509,346,
509,392,
509,561,
509,596,
509,740,
509,743,
509,919,
509,935,
509,980,
509,1049,
509,1066,
509,1105,
509,1166,
510,360,
510,637,
510,960,
511,129,
512,596,
512,961,
512,1093,
513,62,
513,392,
513,563,
513,584,
513,863,
514,23,
514,83,
514,107,
514,134,
514,135,
514,187,
514,194,
514,236,
514,366,
514,369,
514,392,
514,406,
514,596,
514,743,
514,935,
514,979,
514,1147,
514,189,
515,83,
515,107,
515,182,
515,194,
515,369,
515,596,
515,641,
515,668,
515,1168,
515,189,
516,936,
516,226,
516,318,
516,396,
516,641,
516,743,
516,1080,
516,280,
516,935,
516,16,
516,596,
516,76,
516,894,
517,82,
517,83,
517,139,
517,226,
517,338,
517,584,
517,642,
517,736,
517,743,
517,792,
517,919,
517,935,
517,1073,
517,1168,
517,82,
517,83,
517,139,
517,226,
517,338,
517,584,
517,642,
517,736,
517,743,
517,792,
517,919,
517,935,
517,1073,
517,1168,
518,83,
518,194,
518,236,
518,282,
518,484,
518,513,
518,642,
518,979,
518,1166,
519,83,
519,236,
519,282,
519,392,
519,558,
519,596,
519,724,
519,979,
519,1168,
520,229,
520,395,
520,584,
520,281,
520,936,
520,76,
520,226,
520,284,
520,318,
520,563,
520,686,
520,736,
520,743,
520,1080,
520,642,
520,280,
520,935,
520,1037,
520,980,
520,16,
520,82,
520,83,
520,596,
520,1166,
520,64,
520,894,
521,362,
521,109,
521,295,
521,229,
521,281,
521,76,
521,226,
521,284,
521,318,
521,383,
521,429,
521,484,
521,563,
521,743,
521,942,
521,1038,
521,1080,
521,1147,
521,182,
521,1097,
521,263,
521,642,
521,862,
521,558,
521,604,
521,16,
521,82,
521,83,
521,270,
521,596,
521,894,
521,1166,
522,83,
522,236,
522,263,
522,282,
522,596,
522,642,
522,513,
522,1168,
523,83,
523,107,
523,134,
523,194,
523,207,
523,236,
523,369,
523,596,
523,643,
523,935,
523,1166,
523,189,
524,76,
524,108,
524,207,
524,236,
524,558,
524,643,
525,643,
525,743,
525,236,
525,60,
525,369,
525,83,
525,935,
525,107,
525,596,
526,275,
526,76,
526,318,
526,563,
526,743,
526,1080,
526,1147,
526,134,
526,1097,
526,263,
526,207,
526,369,
526,411,
526,558,
526,189,
526,935,
526,1037,
526,77,
526,980,
526,16,
526,82,
526,83,
526,596,
526,1166,
527,275,
527,76,
527,318,
527,563,
527,686,
527,743,
527,1080,
527,1147,
527,134,
527,263,
527,207,
527,369,
527,411,
527,1157,
527,159,
527,398,
527,556,
527,558,
527,785,
527,189,
527,280,
527,935,
527,1037,
527,77,
527,16,
527,83,
527,332,
527,596,
528,16,
528,323,
528,332,
528,596,
528,792,
528,420,
528,1166,
529,788,
529,275,
529,936,
529,226,
529,318,
529,484,
529,743,
529,1066,
529,1080,
529,1111,
529,740,
529,1136,
529,460,
529,207,
529,53,
529,556,
529,811,
529,935,
529,1037,
529,596,
529,1166,
530,1083,
530,584,
530,226,
530,318,
530,588,
530,743,
530,1066,
530,1067,
530,1111,
530,134,
530,740,
530,263,
530,1136,
530,595,
530,448,
530,797,
530,1037,
530,596,
530,1067,
530,1127,
530,1166,
530,1084,
531,1083,
531,584,
531,226,
531,318,
531,588,
531,743,
531,1066,
531,1067,
531,1089,
531,1111,
531,740,
531,1136,
531,460,
531,997,
531,317,
531,797,
531,1037,
531,596,
531,894,
531,1067,
531,1166,
531,1084,
532,83,
532,138,
532,270,
532,280,
532,596,
532,658,
533,318,
533,658,
533,743,
533,1080,
533,369,
533,189,
533,82,
533,83,
533,270,
533,596,
533,76,
533,16,
533,894,
534,192,
534,194,
534,270,
534,280,
534,282,
534,662,
535,16,
535,76,
535,82,
535,83,
535,194,
535,270,
535,662,
535,743,
535,935,
535,23,
535,281,
535,76,
535,318,
535,383,
535,1038,
535,1080,
535,369,
535,189,
535,980,
535,270,
535,596,
535,275,
535,748,
535,1147,
535,1166,
535,894,
536,392,
536,584,
536,961,
537,392,
537,448,
537,584,
537,665,
537,811,
538,60,
538,323,
538,584,
538,665,
538,1136,
539,204,
539,392,
539,420,
539,584,
540,41,
540,60,
540,114,
540,193,
540,194,
540,236,
540,368,
540,392,
540,557,
540,584,
540,641,
540,680,
540,743,
541,107,
541,138,
541,194,
541,596,
541,686,
541,935,
541,1073,
542,116,
542,194,
542,270,
542,369,
542,685,
542,891,
542,979,
542,1151,
542,189,
543,392,
543,685,
543,935,
543,678,
544,60,
544,82,
544,83,
544,187,
544,229,
544,584,
544,16,
544,743,
544,792,
544,997,
545,82,
545,137,
545,194,
545,199,
545,584,
545,669,
545,690,
545,724,
545,792,
545,935,
546,16,
546,82,
546,83,
546,194,
546,226,
546,332,
546,340,
546,556,
546,743,
546,935,
546,1038,
546,1080,
546,1105,
546,1166,
547,236,
547,270,
547,318,
547,383,
547,596,
547,692,
547,979,
547,1038,
548,229,
548,584,
548,275,
548,936,
548,76,
548,318,
548,383,
548,384,
548,396,
548,484,
548,686,
548,743,
548,1038,
548,1080,
548,1097,
548,1105,
548,369,
548,693,
548,189,
548,16,
548,82,
548,83,
548,270,
548,596,
548,894,
548,1166,
549,76,
549,284,
549,318,
549,383,
549,384,
549,396,
549,1038,
549,1080,
549,182,
549,182,
549,1097,
549,369,
549,693,
549,596,
549,894,
550,83,
550,187,
550,236,
550,270,
550,332,
550,368,
550,396,
550,584,
550,693,
550,743,
550,919,
550,1038,
550,1107,
550,1151,
550,1166,
551,23,
551,76,
551,318,
551,708,
551,743,
551,1080,
551,369,
551,556,
551,189,
551,82,
551,83,
551,270,
551,16,
551,596,
551,894,
552,23,
552,194,
552,226,
552,229,
552,236,
552,392,
552,395,
552,399,
552,584,
552,681,
552,743,
552,781,
552,919,
552,975,
552,1168,
553,207,
553,242,
553,263,
553,420,
553,508,
553,383,
553,1078,
553,1118,
553,1139,
554,312,
554,448,
554,596,
554,712,
554,743,
554,774,
554,797,
554,1075,
554,1089,
554,1166,
555,16,
555,160,
555,134,
555,330,
555,584,
555,420,
555,746,
555,935,
555,1073,
556,82,
556,83,
556,107,
556,194,
556,236,
556,383,
556,567,
556,596,
556,686,
556,723,
556,189,
556,1038,
556,1168,
557,395,
557,275,
557,76,
557,318,
557,383,
557,384,
557,396,
557,563,
557,686,
557,743,
557,1038,
557,1080,
557,1147,
557,1097,
557,369,
557,411,
557,1157,
557,52,
557,398,
557,556,
557,785,
557,900,
557,189,
557,604,
557,16,
557,83,
557,596,
557,894,
557,1166,
558,270,
558,392,
558,723,
559,16,
559,194,
559,199,
559,596,
559,723,
559,956,
560,60,
560,486,
560,596,
560,723,
560,743,
560,956,
561,16,
561,83,
561,84,
561,194,
561,236,
561,263,
561,392,
561,558,
561,596,
561,723,
561,980,
561,1166,
562,226,
562,236,
562,596,
562,740,
562,743,
562,785,
563,62,
563,63,
563,154,
563,235,
563,392,
563,596,
563,668,
563,863,
563,897,
563,910,
563,935,
563,980,
564,16,
564,39,
564,48,
564,63,
564,154,
564,392,
564,416,
564,596,
564,863,
564,935,
564,960,
564,1172,
565,19,
565,83,
565,138,
565,318,
565,596,
565,897,
565,584,
565,187,
565,743,
565,563,
566,16,
566,83,
566,395,
566,399,
566,584,
566,596,
566,979,
566,1073,
566,1151,
566,1166,
567,27,
567,83,
567,194,
567,196,
567,236,
567,338,
567,366,
567,368,
567,383,
567,424,
567,556,
567,558,
567,569,
567,743,
567,927,
567,960,
568,83,
568,136,
568,194,
568,196,
568,236,
568,894,
568,424,
568,558,
568,584,
568,927,
568,960,
569,207,
569,743,
569,1066,
569,347,
570,16,
570,194,
570,196,
570,792,
570,869,
571,16,
571,82,
571,83,
571,194,
571,392,
571,395,
571,584,
571,211,
571,1025,
572,16,
572,83,
572,194,
572,332,
572,383,
572,392,
572,792,
572,1166,
573,226,
573,323,
573,331,
573,346,
573,584,
573,736,
573,781,
573,1025,
574,309,
574,323,
574,596,
574,669,
574,737,
574,743,
574,1110,
574,1169,
575,16,
575,378,
575,448,
575,740,
575,1085,
575,1166,
576,406,
576,448,
576,596,
576,655,
576,665,
576,740,
576,743,
576,811,
576,1085,
576,1166,
577,16,
577,53,
577,207,
577,226,
577,263,
577,318,
577,556,
577,743,
577,584,
577,596,
577,669,
577,781,
577,785,
577,935,
577,1089,
577,1105,
577,1111,
577,1166,
578,60,
578,596,
578,658,
578,743,
578,797,
578,1073,
579,16,
579,83,
579,137,
579,194,
579,280,
579,484,
579,584,
579,669,
579,743,
580,16,
580,392,
580,584,
580,669,
580,743,
581,23,
581,83,
581,107,
581,194,
581,236,
581,369,
581,596,
581,743,
581,747,
581,1166,
582,86,
582,76,
582,318,
582,383,
582,686,
582,743,
582,1080,
582,1147,
582,1105,
582,369,
582,747,
582,189,
582,980,
582,16,
582,82,
582,83,
582,596,
582,1166,
583,86,
583,76,
583,318,
583,383,
583,686,
583,743,
583,1080,
583,369,
583,747,
583,189,
583,980,
583,16,
583,596,
583,1166,
583,894,
584,83,
584,107,
584,134,
584,194,
584,229,
584,236,
584,332,
584,369,
584,743,
584,747,
584,1166,
585,16,
585,114,
585,226,
585,236,
585,395,
585,736,
585,747,
585,935,
586,16,
586,194,
586,226,
586,229,
586,236,
586,743,
586,747,
586,792,
586,935,
586,1166,
587,194,
587,320,
587,392,
587,584,
587,16,
587,792,
587,935,
588,11,
588,207,
588,226,
588,318,
588,339,
588,596,
588,723,
588,743,
588,746,
588,747,
588,797,
588,1166,
589,405,
589,76,
589,484,
589,1080,
589,207,
589,789,
589,823,
589,1037,
589,596,
589,894,
590,556,
590,602,
590,1166,
591,69,
591,82,
591,83,
591,109,
591,429,
591,236,
591,270,
591,280,
591,318,
591,640,
591,768,
591,979,
591,1037,
592,405,
592,395,
592,584,
592,936,
592,76,
592,226,
592,318,
592,484,
592,563,
592,743,
592,748,
592,1080,
592,370,
592,935,
592,16,
592,83,
592,596,
592,894,
592,383,
592,558,
592,669,
593,83,
593,136,
593,194,
593,558,
593,563,
593,743,
593,748,
593,584,
593,1073,
594,1035,
594,281,
594,76,
594,318,
594,743,
594,748,
594,1080,
594,369,
594,189,
594,82,
594,83,
594,270,
594,596,
594,275,
594,16,
594,894,
595,194,
595,236,
595,369,
595,681,
595,743,
595,748,
595,270,
595,979,
595,189,
596,395,
596,584,
596,291,
596,936,
596,318,
596,759,
596,280,
596,935,
596,1037,
596,16,
596,894,
596,679,
596,789,
596,797,
596,332,
596,1143,
596,743,
596,1080,
596,980,
597,309,
597,323,
597,1089,
597,584,
597,743,
597,781,
597,784,
597,1166,
597,1169,
598,154,
598,198,
598,309,
598,323,
598,387,
598,420,
598,584,
598,669,
598,1168,
599,763,
599,555,
599,420,
599,82,
599,669,
599,338,
599,792,
599,564,
599,935,
599,1073,
600,159,
600,236,
600,318,
600,383,
600,596,
600,743,
600,16,
600,1038,
600,1147,
601,16,
601,83,
601,194,
601,338,
601,395,
601,765,
601,935,
601,1073,
602,270,
602,280,
602,366,
602,584,
602,766,
603,16,
603,82,
603,83,
603,109,
603,137,
603,584,
603,766,
603,935,
604,275,
604,280,
604,331,
604,1073,
605,584,
605,936,
605,76,
605,318,
605,743,
605,765,
605,1080,
605,280,
605,935,
605,82,
605,83,
605,270,
605,596,
605,226,
605,894,
606,109,
606,584,
606,669,
606,766,
606,781,
606,828,
606,979,
606,1151,
607,137,
607,192,
607,194,
607,270,
607,584,
607,765,
607,935,
608,83,
608,142,
608,194,
608,236,
608,270,
608,338,
608,558,
608,584,
608,681,
608,743,
608,766,
608,935,
608,979,
608,222,
608,1166,
609,360,
609,890,
609,960,
609,64,
609,29,
609,801,
609,1035,
609,1093,
609,291,
609,416,
609,835,
609,863,
609,1143,
609,1149,
609,1147,
609,235,
609,839,
609,130,
609,788,
609,584,
609,936,
609,226,
609,318,
609,484,
609,1080,
609,1105,
609,935,
609,16,
609,83,
609,596,
610,71,
610,107,
610,138,
610,188,
610,192,
610,194,
610,199,
610,270,
610,280,
610,282,
610,423,
610,662,
610,668,
610,935,
610,991,
610,1093,
610,1105,
611,154,
611,226,
611,236,
611,383,
611,134,
611,392,
611,429,
611,596,
611,634,
611,669,
611,743,
611,758,
611,811,
611,980,
612,743,
612,776,
612,280,
612,935,
612,16,
612,332,
612,596,
612,1166,
613,360,
613,960,
613,416,
613,835,
613,318,
613,484,
613,563,
613,235,
613,776,
613,980,
613,596,
613,1166,
613,839,
614,362,
614,23,
614,395,
614,584,
614,936,
614,76,
614,226,
614,284,
614,318,
614,396,
614,484,
614,563,
614,736,
614,743,
614,1080,
614,182,
614,182,
614,1097,
614,424,
614,514,
614,1049,
614,776,
614,280,
614,935,
614,16,
614,82,
614,83,
614,332,
614,596,
614,894,
614,1166,
615,362,
615,23,
615,395,
615,584,
615,936,
615,76,
615,226,
615,284,
615,318,
615,484,
615,563,
615,736,
615,743,
615,1080,
615,182,
615,740,
615,182,
615,1097,
615,1105,
615,424,
615,776,
615,280,
615,935,
615,1037,
615,16,
615,82,
615,83,
615,332,
615,1166,
615,64,
616,23,
616,281,
616,71,
616,76,
616,226,
616,284,
616,318,
616,383,
616,396,
616,484,
616,563,
616,641,
616,743,
616,748,
616,1080,
616,182,
616,1097,
616,1105,
616,776,
616,522,
616,16,
616,82,
616,83,
616,270,
616,332,
616,596,
616,894,
616,1166,
617,360,
617,360,
617,788,
617,584,
617,936,
617,226,
617,736,
617,743,
617,1080,
617,1111,
617,1147,
617,1136,
617,207,
617,266,
617,317,
617,448,
617,789,
617,935,
617,1037,
617,596,
617,894,
617,1067,
617,1166,
618,16,
618,82,
618,83,
618,139,
618,194,
618,236,
618,338,
618,543,
618,584,
618,743,
618,785,
618,935,
618,1166,
619,83,
619,194,
619,340,
619,484,
619,558,
619,724,
619,743,
619,781,
620,138,
620,194,
620,332,
620,596,
620,668,
620,781,
620,935,
620,1151,
620,1166,
621,584,
621,936,
621,76,
621,226,
621,318,
621,743,
621,781,
621,1080,
621,1089,
621,369,
621,16,
621,83,
621,596,
621,669,
621,894,
622,16,
622,82,
622,83,
622,137,
622,194,
622,280,
622,484,
622,584,
622,669,
622,781,
623,82,
623,83,
623,138,
623,194,
623,596,
623,669,
623,781,
623,792,
623,1080,
623,1089,
624,83,
624,194,
624,226,
624,368,
624,392,
624,484,
624,558,
624,584,
624,596,
624,743,
624,781,
625,16,
625,392,
625,584,
625,669,
625,781,
626,83,
626,194,
626,199,
626,584,
626,669,
626,1073,
627,395,
627,584,
627,936,
627,318,
627,1080,
627,338,
627,280,
627,935,
627,82,
627,83,
627,743,
628,653,
628,797,
628,1139,
628,1084,
628,596,
628,318,
628,1166,
628,1082,
628,743,
629,86,
629,275,
629,76,
629,318,
629,383,
629,396,
629,686,
629,743,
629,1080,
629,1147,
629,1097,
629,369,
629,785,
629,189,
629,980,
629,16,
629,82,
629,83,
629,596,
629,563,
629,894,
629,1166,
630,107,
630,114,
630,194,
630,226,
630,236,
630,332,
630,369,
630,392,
630,596,
630,723,
630,743,
630,785,
630,1105,
630,1166,
631,16,
631,82,
631,83,
631,194,
631,226,
631,584,
631,669,
631,743,
631,781,
631,785,
631,935,
631,1073,
632,16,
632,82,
632,83,
632,139,
632,226,
632,332,
632,549,
632,584,
632,601,
632,669,
632,736,
632,743,
632,781,
632,785,
632,828,
632,935,
632,979,
632,1073,
633,16,
633,116,
633,194,
633,226,
633,236,
633,399,
633,584,
633,723,
633,743,
633,785,
633,792,
633,797,
633,935,
633,1073,
634,194,
634,207,
634,236,
634,1089,
634,596,
634,668,
634,1073,
634,1173,
635,226,
635,420,
635,655,
635,736,
635,743,
635,785,
635,1006,
636,420,
636,935,
637,16,
637,194,
637,332,
637,392,
637,564,
637,584,
637,792,
637,785,
637,935,
637,979,
637,1073,
637,1166,
638,82,
638,83,
638,107,
638,236,
638,108,
638,596,
638,723,
638,743,
638,785,
638,979,
638,1038,
638,1100,
638,1168,
639,15,
639,82,
639,392,
639,395,
639,794,
639,796,
640,395,
640,584,
640,936,
640,318,
640,785,
640,797,
640,935,
640,1037,
640,77,
640,16,
640,82,
640,83,
640,323,
640,332,
640,894,
640,1080,
640,980,
641,82,
641,83,
641,194,
641,340,
641,383,
641,484,
641,596,
641,669,
641,743,
641,785,
641,935,
641,1073,
642,16,
642,194,
642,323,
642,332,
642,392,
642,395,
642,584,
642,792,
642,935,
642,129,
642,1073,
643,668,
643,880,
643,1078,
643,1085,
644,251,
644,280,
644,935,
644,1037,
644,596,
645,788,
645,584,
645,801,
645,226,
645,53,
645,317,
645,448,
645,323,
646,788,
646,584,
646,226,
646,736,
646,743,
646,781,
646,1089,
646,1111,
646,408,
646,53,
646,323,
646,596,
647,194,
647,270,
647,484,
647,708,
647,979,
648,677,
648,801,
648,392,
649,484,
649,743,
649,318,
649,24,
649,961,
649,207,
649,935,
649,979,
649,1151,
649,16,
650,15,
650,107,
650,115,
650,236,
650,282,
650,367,
650,383,
650,392,
650,399,
650,513,
650,596,
650,658,
650,668,
650,270,
650,935,
650,979,
650,1038,
650,1166,
651,82,
651,107,
651,194,
651,236,
651,270,
651,280,
651,282,
651,366,
651,619,
652,83,
652,107,
652,236,
652,270,
652,280,
652,318,
652,604,
652,743,
652,816,
652,1075,
652,1166,
653,109,
653,275,
653,384,
653,686,
653,1080,
653,369,
653,747,
653,132,
653,189,
653,16,
653,332,
653,596,
653,894,
653,226,
653,318,
653,383,
653,743,
653,1097,
653,53,
653,980,
653,1166,
653,76,
654,109,
654,275,
654,76,
654,284,
654,318,
654,383,
654,396,
654,563,
654,686,
654,743,
654,1038,
654,1080,
654,182,
654,182,
654,1097,
654,369,
654,556,
654,189,
654,980,
654,82,
654,83,
654,270,
654,596,
654,894,
654,1166,
655,360,
655,360,
655,395,
655,584,
655,936,
655,76,
655,226,
655,284,
655,318,
655,383,
655,387,
655,396,
655,549,
655,563,
655,686,
655,736,
655,737,
655,743,
655,781,
655,822,
655,132,
655,935,
655,522,
655,980,
655,82,
655,986,
655,83,
655,596,
655,669,
656,83,
656,194,
656,236,
656,270,
656,366,
656,429,
656,596,
656,809,
656,979,
657,395,
657,584,
657,291,
657,936,
657,318,
657,810,
657,595,
657,280,
657,679,
657,823,
657,935,
657,1037,
657,16,
657,332,
657,698,
658,109,
658,880,
658,936,
658,226,
658,318,
658,429,
658,484,
658,563,
658,736,
658,743,
658,904,
658,974,
658,1080,
658,1111,
658,1147,
658,380,
658,740,
658,182,
658,1105,
658,207,
658,474,
658,411,
658,601,
658,1157,
658,556,
658,785,
658,900,
658,266,
658,935,
658,1037,
658,596,
658,894,
658,1166,
659,16,
659,53,
659,139,
659,275,
659,297,
659,1089,
659,596,
659,668,
659,743,
659,1000,
659,1166,
660,665,
660,1044,
661,275,
661,76,
661,318,
661,383,
661,641,
661,686,
661,743,
661,1080,
661,1097,
661,369,
661,189,
661,16,
661,596,
661,1166,
662,275,
662,76,
662,318,
662,383,
662,743,
662,1080,
662,1147,
662,1097,
662,369,
662,189,
662,270,
662,596,
662,23,
662,384,
662,82,
662,894,
663,212,
663,217,
663,275,
663,596,
663,818,
663,1166,
664,880,
664,318,
664,429,
664,563,
664,588,
664,743,
664,904,
664,974,
664,1080,
664,1111,
664,1147,
664,740,
664,182,
664,1097,
664,1105,
664,263,
664,369,
664,4,
664,601,
664,556,
664,785,
664,1134,
664,935,
664,1037,
664,77,
664,16,
664,114,
664,332,
664,596,
664,894,
664,1166,
665,556,
665,1097,
665,1111,
665,1105,
665,236,
665,619,
665,392,
665,114,
665,584,
665,980,
665,16,
665,880,
666,936,
666,318,
666,822,
666,1080,
666,280,
666,935,
666,596,
666,894,
666,584,
666,226,
666,743,
666,16,
667,83,
667,192,
667,194,
667,270,
667,280,
667,1073,
668,392,
668,640,
668,236,
668,383,
668,107,
668,83,
668,935,
668,194,
668,596,
668,1166,
669,16,
669,82,
669,139,
669,194,
669,207,
669,236,
669,792,
669,935,
669,936,
670,16,
670,82,
670,133,
670,137,
670,194,
670,555,
670,584,
670,830,
670,935,
671,360,
671,832,
671,960,
672,154,
672,665,
672,668,
672,698,
672,842,
672,1036,
673,7,
673,275,
673,392,
673,400,
673,596,
673,927,
673,1097,
674,16,
674,82,
674,83,
674,194,
674,332,
674,338,
674,567,
675,83,
675,114,
675,176,
675,194,
675,236,
675,543,
675,392,
675,584,
675,668,
675,736,
675,743,
675,781,
675,792,
675,1013,
676,23,
676,175,
676,194,
676,196,
676,226,
676,263,
676,392,
676,584,
676,596,
676,668,
676,781,
676,980,
676,990,
676,1147,
676,1168,
677,16,
677,280,
677,323,
677,395,
677,668,
677,861,
677,1073,
677,1133,
678,16,
678,82,
678,83,
678,107,
678,135,
678,194,
678,263,
678,369,
678,584,
678,129,
678,792,
678,861,
678,935,
678,1166,
679,16,
679,138,
679,332,
679,584,
679,129,
679,792,
679,861,
679,935,
680,395,
680,584,
680,291,
680,698,
680,863,
680,936,
680,1133,
680,1143,
680,1149,
680,318,
680,366,
680,280,
680,935,
680,1037,
680,16,
680,894,
680,1017,
680,76,
680,1080,
680,679,
680,797,
680,823,
680,980,
681,395,
681,584,
681,936,
681,76,
681,318,
681,743,
681,1080,
681,366,
681,280,
681,935,
681,1037,
681,16,
681,82,
681,83,
681,596,
681,894,
681,679,
681,797,
682,109,
682,584,
682,275,
682,936,
682,76,
682,226,
682,318,
682,384,
682,484,
682,563,
682,743,
682,1080,
682,1147,
682,134,
682,1105,
682,595,
682,207,
682,369,
682,132,
682,189,
682,280,
682,935,
682,1037,
682,16,
682,83,
682,332,
682,596,
682,1166,
682,747,
682,894,
683,16,
683,226,
683,358,
683,448,
683,596,
683,668,
683,723,
683,743,
683,1105,
684,16,
684,82,
684,83,
684,226,
684,229,
684,236,
684,392,
684,584,
684,668,
684,743,
684,935,
684,1038,
684,1073,
685,229,
685,395,
685,584,
685,936,
685,226,
685,318,
685,484,
685,563,
685,658,
685,743,
685,1080,
685,1111,
685,182,
685,1105,
685,263,
685,747,
685,280,
685,935,
685,1037,
685,980,
685,16,
685,596,
685,1166,
685,380,
685,182,
685,1097,
685,114,
685,332,
685,1089,
685,797,
685,65,
686,229,
686,395,
686,584,
686,936,
686,226,
686,318,
686,563,
686,658,
686,743,
686,1080,
686,1089,
686,1111,
686,182,
686,380,
686,1105,
686,595,
686,207,
686,280,
686,679,
686,797,
686,935,
686,1037,
686,980,
686,16,
686,114,
686,596,
686,1166,
687,16,
687,82,
687,83,
687,114,
687,191,
687,194,
687,199,
687,229,
687,640,
687,736,
687,792,
687,935,
687,980,
687,1089,
688,16,
688,84,
688,114,
688,175,
688,194,
688,392,
688,556,
688,900,
688,736,
688,785,
688,974,
688,1105,
689,960,
689,863,
689,392,
689,596,
690,405,
690,23,
690,76,
690,226,
690,284,
690,484,
690,743,
690,1080,
690,1147,
690,134,
690,789,
690,1037,
690,82,
690,270,
691,16,
691,82,
691,194,
691,196,
691,332,
691,792,
691,869,
691,1073,
692,936,
692,384,
692,869,
692,935,
692,1037,
692,596,
692,1166,
693,187,
693,207,
693,392,
693,399,
693,563,
693,792,
693,919,
693,927,
693,979,
694,139,
694,207,
694,236,
694,332,
694,387,
694,392,
694,420,
694,563,
694,584,
694,596,
694,669,
694,781,
694,792,
694,869,
694,919,
694,980,
694,1075,
694,1168,
695,71,
695,83,
695,236,
695,270,
695,318,
695,640,
695,869,
695,979,
695,1166,
696,392,
696,484,
696,596,
696,872,
696,980,
697,16,
697,82,
697,83,
697,226,
697,354,
697,399,
697,1089,
697,669,
697,736,
697,743,
697,781,
697,792,
697,798,
697,875,
697,935,
698,109,
698,23,
698,880,
698,584,
698,801,
698,936,
698,76,
698,226,
698,318,
698,429,
698,484,
698,563,
698,736,
698,743,
698,781,
698,904,
698,1080,
698,1111,
698,1147,
698,740,
698,182,
698,263,
698,601,
698,159,
698,556,
698,785,
698,900,
698,1134,
698,266,
698,1037,
698,77,
698,16,
698,596,
698,894,
698,990,
699,16,
699,226,
699,596,
699,743,
699,879,
699,935,
699,960,
699,1105,
700,187,
700,108,
700,392,
700,596,
700,879,
700,979,
701,881,
701,596,
702,16,
702,194,
702,226,
702,236,
702,340,
702,656,
702,668,
702,743,
702,792,
702,935,
703,16,
703,82,
703,543,
703,332,
703,392,
703,422,
703,554,
703,596,
703,743,
703,935,
703,997,
703,1067,
703,1089,
703,1168,
704,16,
704,82,
704,83,
704,263,
704,332,
704,338,
704,792,
704,935,
704,1038,
704,1073,
704,1080,
704,1166,
705,23,
705,187,
705,194,
705,270,
705,275,
705,76,
705,376,
705,392,
705,596,
705,1080,
705,1097,
706,194,
706,236,
706,369,
706,189,
707,194,
707,980,
707,1166,
707,935,
707,668,
708,82,
708,83,
708,187,
708,236,
708,332,
708,558,
708,584,
708,743,
708,893,
708,919,
708,979,
708,1147,
709,82,
709,83,
709,236,
709,318,
709,332,
709,383,
709,392,
709,563,
709,743,
709,792,
709,893,
709,919,
709,979,
710,980,
710,584,
710,935,
710,1168,
710,564,
710,1151,
711,132,
711,935,
711,280,
711,331,
712,263,
712,743,
712,1075,
712,236,
712,270,
712,1076,
712,979,
712,16,
712,395,
712,584,
713,16,
713,83,
713,194,
713,196,
713,236,
713,584,
713,743,
713,900,
713,935,
713,979,
713,1073,
713,1151,
713,1166,
714,395,
714,584,
714,936,
714,76,
714,226,
714,284,
714,318,
714,383,
714,396,
714,563,
714,736,
714,743,
714,1038,
714,1080,
714,1111,
714,1147,
714,514,
714,1049,
714,862,
714,900,
714,935,
714,1037,
714,16,
714,82,
714,83,
714,332,
714,894,
714,1166,
715,360,
715,360,
715,584,
715,936,
715,134,
715,132,
715,280,
715,935,
715,1037,
715,83,
715,596,
715,894,
716,360,
716,360,
716,584,
716,936,
716,226,
716,743,
716,1111,
716,1,
716,132,
716,935,
716,323,
716,596,
716,669,
716,1166,
717,595,
717,904,
717,139,
717,1105,
717,1049,
717,980,
717,1139,
717,198,
717,114,
717,16,
717,329,
717,340,
717,584,
718,109,
718,936,
718,226,
718,318,
718,429,
718,484,
718,736,
718,743,
718,904,
718,974,
718,1080,
718,1111,
718,1147,
718,380,
718,740,
718,182,
718,1105,
718,207,
718,411,
718,601,
718,1157,
718,159,
718,556,
718,785,
718,900,
718,1134,
718,266,
718,935,
718,1037,
718,596,
718,894,
718,1166,
719,229,
719,880,
719,584,
719,936,
719,76,
719,226,
719,318,
719,429,
719,484,
719,736,
719,743,
719,904,
719,1038,
719,1080,
719,1111,
719,1147,
719,380,
719,740,
719,182,
719,1105,
719,263,
719,207,
719,266,
719,789,
719,935,
719,1037,
719,77,
719,16,
719,83,
719,114,
719,596,
719,894,
719,1166,
720,83,
720,194,
720,196,
720,332,
720,368,
720,392,
720,395,
720,448,
720,481,
720,584,
720,743,
720,915,
720,975,
720,1075,
720,1084,
720,1151,
721,16,
721,194,
721,392,
721,915,
721,792,
721,797,
721,1073,
722,915,
722,1078,
723,392,
723,584,
723,686,
723,326,
723,361,
724,109,
724,23,
724,880,
724,584,
724,801,
724,936,
724,429,
724,563,
724,736,
724,743,
724,781,
724,1080,
724,1147,
724,263,
724,266,
724,1037,
724,16,
724,596,
724,894,
724,990,
724,788,
724,226,
724,318,
724,317,
724,448,
724,797,
724,980,
724,926,
724,1166,
724,207,
725,360,
725,360,
725,23,
725,880,
725,584,
725,936,
725,226,
725,318,
725,429,
725,736,
725,743,
725,781,
725,1080,
725,1147,
725,263,
725,207,
725,266,
725,1037,
725,16,
725,596,
725,926,
725,894,
725,990,
725,464,
725,788,
725,960,
725,563,
725,679,
725,789,
725,797,
725,823,
725,935,
725,980,
725,1166,
725,801,
725,280,
725,358,
726,788,
726,23,
726,880,
726,584,
726,801,
726,226,
726,318,
726,736,
726,743,
726,1147,
726,263,
726,785,
726,1037,
726,596,
726,926,
726,990,
727,82,
727,83,
727,107,
727,236,
727,108,
727,596,
727,723,
727,743,
727,785,
727,979,
727,1038,
727,1100,
727,1168,
728,226,
728,392,
728,655,
728,743,
728,811,
728,1147,
729,16,
729,84,
729,114,
729,318,
729,399,
729,596,
729,723,
729,736,
729,743,
729,975,
729,1151,
729,1166,
730,109,
730,395,
730,584,
730,936,
730,226,
730,318,
730,549,
730,736,
730,743,
730,781,
730,1038,
730,514,
730,207,
730,132,
730,935,
730,522,
730,82,
730,986,
730,83,
730,596,
730,669,
730,284,
730,1080,
730,424,
730,358,
730,16,
730,1067,
730,999,
731,362,
731,109,
731,395,
731,584,
731,936,
731,76,
731,226,
731,318,
731,384,
731,736,
731,743,
731,1080,
731,207,
731,369,
731,747,
731,189,
731,997,
731,522,
731,16,
731,82,
731,986,
731,83,
731,596,
731,894,
731,1166,
732,378,
732,460,
732,1067,
732,743,
732,811,
733,60,
733,596,
733,1085,
734,30,
734,392,
734,448,
734,584,
734,596,
735,207,
735,486,
735,596,
735,668,
735,743,
735,788,
735,957,
735,1089,
735,1166,
736,360,
736,890,
736,960,
737,596,
737,960,
738,392,
738,584,
738,596,
738,936,
738,961,
739,83,
739,318,
739,340,
739,919,
739,927,
739,935,
739,936,
740,584,
740,936,
740,226,
740,318,
740,743,
740,942,
740,1080,
740,280,
740,935,
740,16,
740,82,
740,270,
740,596,
740,83,
741,584,
741,936,
741,226,
741,318,
741,383,
741,743,
741,781,
741,942,
741,1080,
741,370,
741,935,
741,16,
741,83,
741,596,
741,669,
741,894,
742,116,
742,275,
742,584,
742,596,
742,935,
742,942,
742,1073,
743,16,
743,60,
743,82,
743,83,
743,132,
743,420,
743,549,
743,584,
743,792,
743,935,
743,957,
744,16,
744,60,
744,82,
744,83,
744,132,
744,420,
744,549,
744,584,
744,792,
744,935,
744,957,
744,323,
744,514,
744,665,
744,743,
744,956,
744,1111,
744,1138,
744,1166,
745,16,
745,202,
745,323,
745,420,
745,584,
745,957,
745,1073,
745,1168,
746,83,
746,135,
746,236,
746,392,
746,668,
746,670,
746,956,
747,360,
747,395,
747,584,
747,936,
747,76,
747,226,
747,284,
747,318,
747,563,
747,736,
747,743,
747,1080,
747,1147,
747,134,
747,1,
747,369,
747,132,
747,823,
747,935,
747,1037,
747,16,
747,82,
747,83,
747,596,
747,894,
747,1166,
748,16,
748,323,
748,332,
748,596,
748,792,
748,420,
748,1166,
749,55,
749,323,
749,596,
749,132,
749,957,
750,207,
750,318,
750,420,
750,596,
750,797,
750,956,
751,182,
751,236,
751,596,
751,797,
751,958,
751,1073,
752,207,
752,406,
752,556,
752,596,
752,740,
752,743,
752,958,
752,979,
752,1151,
752,1166,
753,107,
753,133,
753,226,
753,392,
753,420,
753,723,
753,935,
753,956,
754,360,
754,360,
754,395,
754,584,
754,936,
754,76,
754,226,
754,284,
754,318,
754,202,
754,387,
754,549,
754,563,
754,736,
754,737,
754,743,
754,781,
754,307,
754,207,
754,132,
754,935,
754,1037,
754,522,
754,16,
754,82,
754,986,
754,83,
754,669,
754,78,
755,64,
755,584,
755,811,
755,961,
756,288,
756,584,
756,596,
756,880,
756,961,
757,129,
757,132,
757,139,
757,202,
757,386,
757,420,
757,747,
757,596,
757,723,
757,935,
757,1073,
758,16,
758,82,
758,83,
758,114,
758,194,
758,226,
758,236,
758,293,
758,340,
758,584,
758,743,
758,747,
758,792,
758,980,
758,990,
758,1100,
759,84,
759,114,
759,194,
759,196,
759,236,
759,332,
759,392,
759,584,
759,935,
759,222,
759,1073,
759,1130,
760,60,
760,226,
760,460,
760,665,
760,743,
760,792,
760,1111,
760,1127,
760,1137,
760,1139,
761,11,
761,194,
761,554,
761,584,
761,596,
761,723,
761,797,
761,979,
762,405,
762,23,
762,76,
762,226,
762,284,
762,396,
762,484,
762,685,
762,736,
762,743,
762,748,
762,942,
762,991,
762,1080,
762,1147,
762,207,
762,679,
762,789,
762,1037,
762,596,
762,894,
763,107,
763,236,
763,282,
763,226,
763,492,
763,596,
763,743,
763,934,
763,1097,
763,1147,
764,16,
764,23,
764,64,
764,139,
764,226,
764,236,
764,332,
764,392,
764,668,
764,743,
764,880,
764,1078,
765,936,
765,76,
765,226,
765,318,
765,743,
765,974,
765,1080,
765,280,
765,935,
765,83,
765,270,
765,596,
765,894,
766,194,
766,236,
766,275,
766,369,
766,383,
766,670,
766,723,
766,976,
766,979,
766,1151,
767,584,
767,936,
767,226,
767,318,
767,396,
767,641,
767,781,
767,1080,
767,595,
767,207,
767,132,
767,280,
767,935,
767,1037,
767,16,
767,596,
767,743,
768,16,
768,192,
768,194,
768,198,
768,236,
768,340,
768,584,
768,643,
768,935,
768,1073,
769,207,
769,392,
769,30,
769,584,
769,668,
769,988,
769,1031,
770,988,
770,207,
770,30,
770,584,
770,1044,
771,270,
771,280,
771,681,
771,989,
772,281,
772,71,
772,76,
772,284,
772,318,
772,388,
772,662,
772,429,
772,484,
772,563,
772,641,
772,743,
772,748,
772,1080,
772,369,
772,189,
772,980,
772,16,
772,83,
772,270,
772,596,
772,1166,
772,1147,
773,16,
773,83,
773,114,
773,132,
773,194,
773,332,
773,747,
773,596,
773,677,
773,785,
773,792,
773,935,
773,936,
774,82,
774,138,
774,270,
774,340,
774,743,
774,935,
774,991,
774,1151,
775,82,
775,138,
775,270,
775,340,
775,743,
775,935,
775,991,
775,1151,
776,63,
776,448,
776,584,
776,665,
777,16,
777,83,
777,132,
777,378,
777,420,
777,430,
777,584,
777,797,
777,956,
778,16,
778,192,
778,207,
778,332,
778,392,
778,584,
778,670,
778,743,
779,16,
779,82,
779,83,
779,392,
779,584,
779,655,
779,792,
780,60,
780,30,
780,584,
780,698,
780,1044,
781,154,
781,194,
781,448,
781,1114,
782,584,
782,936,
782,226,
782,318,
782,736,
782,743,
782,999,
782,1080,
782,370,
782,935,
782,16,
782,82,
782,83,
782,596,
782,669,
782,894,
783,16,
783,60,
783,212,
783,217,
783,392,
783,406,
783,448,
783,508,
783,584,
783,596,
783,669,
783,811,
783,1025,
783,1078,
783,1085,
783,1166,
784,16,
784,112,
784,318,
784,332,
784,337,
784,743,
784,792,
784,828,
784,935,
784,979,
784,211,
785,16,
785,114,
785,194,
785,219,
785,392,
785,395,
785,399,
785,584,
785,596,
785,797,
785,980,
785,1085,
785,1118,
785,1166,
786,392,
786,584,
786,596,
786,669,
787,323,
787,736,
787,211,
788,60,
788,743,
788,811,
788,1007,
788,1136,
789,788,
789,23,
789,64,
789,880,
789,584,
789,801,
789,226,
789,318,
789,496,
789,743,
789,1066,
789,1111,
789,1147,
789,182,
789,514,
789,218,
789,263,
789,53,
789,1037,
789,596,
789,1006,
789,1166,
790,60,
790,448,
790,584,
790,811,
791,83,
791,116,
791,136,
791,318,
791,368,
791,429,
791,584,
791,743,
791,1073,
791,1080,
792,132,
792,242,
792,323,
792,420,
792,584,
792,596,
792,669,
792,781,
793,76,
793,83,
793,236,
793,318,
793,383,
793,392,
793,399,
793,563,
793,743,
793,792,
793,919,
793,1026,
793,1166,
794,1026,
794,743,
794,226,
794,1107,
794,392,
794,16,
794,584,
794,83,
794,194,
794,935,
794,1166,
795,378,
795,740,
795,743,
795,793,
795,1066,
795,1067,
795,1111,
795,1136,
796,226,
796,275,
796,291,
796,584,
796,596,
796,602,
796,750,
796,781,
796,1073,
796,1151,
797,15,
797,16,
797,82,
797,83,
797,236,
797,503,
797,584,
797,743,
797,935,
797,1038,
798,83,
798,194,
798,596,
798,1080,
798,935,
798,1038,
798,1073,
799,83,
799,107,
799,236,
799,318,
799,369,
799,383,
799,595,
799,596,
799,935,
799,1038,
799,1166,
800,360,
800,360,
800,584,
800,936,
800,76,
800,318,
800,384,
800,484,
800,563,
800,743,
800,1038,
800,1080,
800,1147,
800,207,
800,369,
800,372,
800,556,
800,558,
800,132,
800,189,
800,16,
800,83,
800,596,
800,1166,
801,83,
801,107,
801,194,
801,236,
801,270,
801,658,
801,681,
801,975,
801,1038,
801,1151,
802,83,
802,138,
802,188,
802,194,
802,270,
802,275,
802,392,
802,677,
802,919,
802,935,
802,979,
802,1038,
803,83,
803,138,
803,318,
803,484,
803,584,
803,596,
803,669,
803,724,
803,919,
803,935,
803,1038,
804,936,
804,318,
804,1038,
804,1080,
804,280,
804,935,
804,16,
804,83,
804,596,
805,16,
805,82,
805,83,
805,114,
805,133,
805,194,
805,236,
805,332,
805,420,
805,584,
805,743,
805,935,
805,1038,
805,1073,
806,16,
806,82,
806,83,
806,226,
806,229,
806,236,
806,392,
806,584,
806,668,
806,743,
806,935,
806,1038,
806,1073,
807,76,
807,318,
807,383,
807,563,
807,743,
807,1080,
807,134,
807,263,
807,369,
807,411,
807,558,
807,189,
807,980,
807,16,
807,83,
807,270,
807,596,
807,1037,
807,894,
807,1166,
808,16,
808,332,
808,395,
808,584,
808,935,
808,1073,
809,60,
809,226,
809,378,
809,496,
809,596,
809,743,
809,997,
809,1089,
809,1147,
809,1166,
810,194,
810,460,
810,654,
810,739,
810,743,
810,811,
810,1082,
810,1085,
810,1168,
810,571,
811,95,
811,448,
811,496,
811,596,
811,743,
811,983,
811,1075,
811,1156,
811,1166,
812,71,
812,83,
812,84,
812,189,
812,236,
812,640,
813,16,
813,114,
813,226,
813,392,
813,406,
813,584,
813,668,
813,669,
813,743,
813,880,
813,1078,
813,1089,
813,1105,
814,982,
814,619,
814,1105,
814,396,
814,1151,
814,207,
814,132,
814,935,
814,596,
814,16,
814,584,
814,1168,
815,194,
815,281,
815,596,
815,681,
815,828,
815,961,
815,1062,
816,149,
816,194,
816,236,
816,280,
816,392,
816,584,
816,668,
816,935,
816,1073,
817,194,
817,584,
817,596,
817,743,
817,797,
817,1069,
817,1066,
817,1085,
818,275,
818,936,
818,76,
818,318,
818,1071,
818,280,
818,935,
818,270,
818,596,
819,82,
819,83,
819,194,
819,584,
819,669,
819,743,
819,919,
819,935,
819,1071,
819,1073,
820,395,
820,584,
820,936,
820,76,
820,318,
820,383,
820,743,
820,781,
820,1080,
820,338,
820,370,
820,1071,
820,280,
820,935,
820,16,
820,82,
820,83,
820,270,
820,332,
820,596,
820,669,
820,894,
821,83,
821,194,
821,368,
821,392,
821,584,
821,927,
822,138,
822,318,
822,337,
822,395,
822,584,
822,596,
822,669,
823,584,
823,936,
823,318,
823,1081,
823,280,
823,935,
823,1037,
823,596,
824,405,
824,880,
824,584,
824,76,
824,226,
824,743,
824,207,
824,1081,
824,1037,
824,596,
824,894,
825,16,
825,83,
825,137,
825,194,
825,280,
825,484,
825,584,
825,669,
825,743,
826,23,
826,596,
826,743,
827,405,
827,960,
827,76,
827,226,
827,318,
827,484,
827,743,
827,1080,
827,1147,
827,207,
827,411,
827,1157,
827,556,
827,785,
827,679,
827,1037,
827,596,
828,16,
828,114,
828,194,
828,196,
828,236,
828,338,
828,380,
828,432,
828,561,
828,740,
828,759,
828,935,
828,974,
828,980,
828,1089,
828,1105,
828,1130,
828,1166,
829,138,
829,392,
829,596,
829,677,
829,960,
829,1093,
830,596,
830,750,
830,757,
830,811,
831,149,
831,226,
831,392,
831,961,
832,119,
832,332,
832,392,
832,584,
832,596,
832,880,
832,961,
832,1093,
833,30,
833,208,
833,392,
833,584,
833,596,
833,811,
834,499,
834,723,
834,743,
834,1070,
834,1082,
834,1114,
834,1126,
835,23,
835,323,
835,460,
835,665,
835,743,
835,1025,
835,1114,
836,378,
836,596,
836,743,
836,1066,
836,1082,
836,1105,
836,1166,
837,114,
837,194,
837,226,
837,236,
837,280,
837,743,
837,919,
837,1073,
837,1105,
838,16,
838,226,
838,358,
838,448,
838,596,
838,668,
838,723,
838,743,
838,1105,
839,60,
839,226,
839,236,
839,275,
839,406,
839,743,
839,880,
839,1105,
840,82,
840,83,
840,138,
840,194,
840,198,
840,270,
840,338,
840,584,
840,935,
840,1107,
841,16,
841,48,
841,194,
841,392,
841,584,
841,668,
841,935,
841,1073,
841,1107,
842,83,
842,107,
842,138,
842,194,
842,236,
842,329,
842,406,
842,584,
842,16,
842,935,
842,979,
842,1107,
842,1151,
843,395,
843,584,
843,936,
843,318,
843,1108,
843,743,
843,338,
843,370,
843,280,
843,935,
843,16,
843,82,
843,83,
843,596,
843,894,
844,30,
844,60,
844,323,
844,378,
844,448,
844,584,
844,596,
844,743,
844,791,
844,811,
844,1025,
844,1085,
844,1166,
845,82,
845,83,
845,138,
845,139,
845,194,
845,226,
845,584,
845,669,
845,743,
845,1115,
846,23,
846,226,
846,263,
846,743,
846,1025,
847,235,
847,318,
847,596,
847,751,
847,839,
847,1160,
848,60,
848,194,
848,236,
848,392,
848,448,
848,486,
848,584,
848,743,
848,919,
848,957,
848,1025,
848,1107,
849,378,
849,1130,
850,16,
850,82,
850,83,
850,114,
850,137,
850,194,
850,236,
850,584,
850,604,
850,736,
850,743,
850,792,
850,935,
850,1130,
850,1166,
851,875,82
875,194,
875,236,
875,392,
875,558,
875,723,
875,743,
875,979,
875,1151,
876,114,
876,318,
876,596,
876,723,
876,743,
876,956,
877,23,
877,41,
877,226,
877,596,
877,723,
877,743,
878,23,
878,1035,
878,275,
878,281,
878,76,
878,318,
878,383,
878,743,
878,1080,
878,1147,
878,369,
878,411,
878,189,
878,82,
878,83,
878,270,
878,596,
879,405,
879,1147,
879,207,
879,679,
879,823,
879,1037,
879,596,
879,76,
879,1080,
880,360,
880,405,
880,960,
880,64,
880,584,
880,29,
880,1093,
880,416,
880,1147,
880,596,
881,83,
881,194,
881,236,
881,369,
881,558,
881,723,
881,979,
882,82,
882,83,
882,194,
882,383,
882,396,
882,584,
882,596,
882,669,
882,1155,
883,395,
883,584,
883,936,
883,76,
883,226,
883,318,
883,484,
883,1038,
883,1080,
883,1097,
883,1155,
883,935,
883,16,
883,83,
883,270,
883,596,
884,318,
884,383,
884,596,
884,743,
884,891,
884,894,
884,1080,
884,1157,
885,16,
885,138,
885,207,
885,226,
885,236,
885,318,
885,66,
885,584,
885,595,
885,596,
885,668,
885,781,
885,863,
885,935,
885,1074,
885,1105,
885,1166,
886,448,
886,584,
886,1085,
887,395,
887,584,
887,936,
887,76,
887,318,
887,484,
887,563,
887,743,
887,1080,
887,424,
887,514,
887,1049,
887,369,
887,372,
887,280,
887,935,
887,1037,
887,522,
887,604,
887,16,
887,82,
887,83,
887,596,
887,894,
887,1166,
888,880,
888,395,
888,584,
888,1035,
888,936,
888,76,
888,318,
888,396,
888,563,
888,743,
888,1038,
888,1080,
888,424,
888,1049,
888,369,
888,372,
888,398,
888,280,
888,935,
888,1037,
888,77,
888,522,
888,604,
888,16,
888,82,
888,83,
888,596,
888,894,
888,1166,
889,23,
889,107,
889,280,
889,318,
889,596,
889,1080,
889,1164,
889,1166,
890,16,
890,82,
890,83,
890,165,
890,194,
890,340,
890,542,
890,564,
890,584,
890,596,
890,669,
890,735,
890,781,
890,935,
890,1073,
891,82,
891,154,
891,549,
891,340,
891,669,
891,702,
891,763,
891,78,
891,935,
892,16,
892,82,
892,83,
892,165,
892,194,
892,340,
892,542,
892,564,
892,584,
892,596,
892,669,
892,735,
892,781,
892,935,
892,1073,
893,16,
893,82,
893,83,
893,194,
893,219,
893,392,
893,406,
893,584,
893,1025,
894,16,
894,83,
894,194,
894,318,
894,484,
894,584,
894,669,
894,743,
894,935,
895,360,
896,49,
896,596,
896,811,
896,934,
