food_no,ingre_no
1,3
1,448
1,584
1,792
1,797
2,8
2,83
2,107
2,236
2,369
2,396
2,596
2,935
2,980
2,1038
2,1166
3,880
3,584
3,281
3,291
3,936
3,76
3,318
3,396
3,484
3,563
3,743
3,1038
3,1080
3,306
3,424
3,1086
3,8
3,366
3,369
3,1157
3,398
3,935
3,16
3,83
3,270
3,596
3,894
3,1166
4,405
4,9
4,789
4,1037
4,1100
4,596
4,880
4,448
4,823
4,1166
4,1084
4,1006
5,9
5,83
5,194
5,196
5,368
5,383
5,890
5,596
6,9
6,406
6,668
7,880
7,395
7,584
7,936
7,76
7,318
7,383
7,743
7,1080
7,338
7,9
7,16
7,83
7,596
7,894
7,1166
8,10
8,82
8,116
8,194
8,236
8,340
8,584
8,935
8,1073
9,584
9,936
9,11
9,76
9,226
9,318
9,743
9,1080
9,280
9,935
9,16
9,83
9,596
9,894
10,11
10,16
10,76
10,83
10,114
10,194
10,236
10,584
10,743
10,935
10,1073
11,11
11,16
11,60
11,83
11,138
11,192
11,194
11,332
11,406
11,668
11,723
11,935
12,52
12,79
12,235
12,338
12,366
12,514
12,522
12,604
12,16
12,743
12,1076
12,1151
13,76
13,187
13,235
13,236
13,318
13,320
13,328
13,329
13,392
13,563
13,584
13,743
13,897
13,919
13,16
13,596
13,980
14,194
14,219
14,329
14,564
14,584
14,743
14,980
14,1166
14,1089
15,154
15,213
15,668
15,880
15,919
16,16
16,23
16,194
16,211
16,226
16,332
16,392
16,584
16,743
16,935
17,395
17,584
17,936
17,76
17,226
17,244
17,318
17,383
17,396
17,563
17,743
17,781
17,1080
17,338
17,424
17,8
17,82
17,986
17,83
17,596
17,669
17,894
18,109
18,880
18,584
18,801
18,936
18,318
18,429
18,736
18,743
18,781
18,1080
18,1147
18,263
18,207
18,266
18,1037
18,16
18,596
18,894
18,990
19,18
19,25
19,107
19,159
19,229
19,235
19,236
19,318
19,383
19,416
19,563
19,596
19,634
19,743
20,229
20,416
20,318
20,383
20,563
20,743
20,1080
20,235
20,595
20,207
20,189
20,980
20,16
20,596
20,1166
20,839
21,405
21,19
21,1037
21,129
21,596
21,880
21,679
21,1166
21,318
21,563
21,789
21,823
21,332
22,16
22,19
22,83
22,187
22,194
22,196
22,236
22,332
22,383
22,395
22,584
22,743
22,979
22,1166
23,23
23,395
23,584
23,76
23,318
23,383
23,484
23,563
23,743
23,1080
23,1147
23,1097
23,19
23,369
23,604
23,16
23,83
23,596
23,894
23,1166
24,23
24,584
24,448
24,679
24,1037
24,596
24,1084
24,317
24,797
24,1166
25,23
25,275
25,226
25,318
25,743
25,1080
25,1147
25,207
25,369
25,187
25,189
25,16
25,596
25,894
25,1166
26,23
26,194
26,236
26,270
26,369
26,743
26,979
27,23
27,392
27,395
27,668
27,743
27,919
27,935
27,1136
28,663
28,788
28,23
28,584
28,291
28,226
28,496
28,743
28,781
28,784
28,1084
28,514
28,1099
28,460
28,207
28,53
28,323
28,596
28,1166
28,56
29,405
29,23
29,76
29,226
29,484
29,743
29,1080
29,1147
29,207
29,679
29,789
29,1037
29,596
30,23
30,395
30,584
30,936
30,76
30,226
30,318
30,743
30,1080
30,935
30,1037
30,16
30,894
31,23
31,554
31,596
31,743
31,1166
32,23
32,207
32,323
32,378
32,406
32,508
32,596
32,743
32,788
32,1136
32,1168
33,23
33,281
33,76
33,284
33,318
33,383
33,662
33,563
33,686
33,743
33,748
33,1038
33,1080
33,134
33,263
33,558
33,189
33,16
33,82
33,83
33,270
33,332
33,596
33,1166
33,429
33,894
34,23
34,584
34,596
34,797
34,1085
34,1166
35,60
35,107
35,187
35,236
35,392
35,596
35,743
35,1168
36,395
36,584
36,416
36,936
36,76
36,226
36,284
36,318
36,383
36,396
36,496
36,563
36,743
36,781
36,904
36,1080
36,1089
36,338
36,424
36,514
36,785
36,935
36,522
36,82
36,83
36,596
36,669
37,28
37,107
37,236
37,263
37,275
37,420
37,558
37,584
37,669
37,979
38,281
38,936
38,284
38,318
38,383
38,484
38,563
38,743
38,1080
38,33
38,742
38,862
38,189
38,280
38,935
38,604
38,16
38,82
38,83
38,270
38,596
38,894
38,1166
38,55
38,839
39,281
39,284
39,318
39,396
39,484
39,563
39,743
39,1080
39,33
39,742
39,862
39,280
39,935
39,604
39,82
39,83
39,270
39,596
39,894
39,1166
40,16
40,83
40,107
40,194
40,236
40,270
40,677
40,935
40,979
40,991
40,1073
41,83
41,194
41,199
41,236
41,332
41,340
41,392
41,567
41,668
41,792
41,919
41,979
41,1166
42,41
42,82
42,83
42,194
42,323
42,332
42,340
42,395
42,668
42,935
43,16
43,137
43,194
43,199
43,226
43,399
43,596
43,668
43,743
43,792
43,935
43,1105
43,1168
44,50
44,226
44,677
44,1071
45,83
45,135
45,187
45,194
45,236
45,270
45,275
45,328
45,366
45,134
45,392
45,556
45,743
45,1147
46,23
46,54
46,107
46,280
46,282
46,736
46,743
46,934
46,1111
47,57
47,64
47,154
47,408
48,60
48,114
48,226
48,236
48,420
48,596
48,743
48,935
48,1073
48,1168
49,64
49,154
49,395
49,584
49,936
49,789
49,823
49,1037
49,16
49,291
49,679
49,362
49,698
49,596
50,64
50,406
50,596
50,1007
50,1085
51,936
51,76
51,226
51,318
51,743
51,1080
51,64
51,280
51,935
51,1037
51,16
51,83
51,270
51,596
51,894
52,405
52,64
52,880
52,584
52,207
52,679
52,1037
52,596
52,1084
53,194
53,263
53,327
53,596
53,797
53,997
53,1084
53,1166
54,68
54,83
54,136
54,226
54,318
54,340
54,514
54,563
54,584
54,743
54,927
54,960
54,596
54,979
55,68
55,83
55,136
55,226
55,318
55,340
55,514
55,563
55,584
55,743
55,927
55,960
55,596
55,979
56,405
56,69
56,789
56,797
56,1037
56,1100
56,596
56,880
56,679
56,823
56,1166
57,69
57,82
57,83
57,236
57,332
57,338
57,383
57,392
57,792
57,919
57,1168
58,69
58,82
58,83
58,107
58,194
58,236
58,383
58,392
58,668
58,743
58,919
59,60
59,69
59,406
59,508
59,567
59,668
59,1166
60,23
60,60
60,1136
60,743
60,226
60,508
60,30
60,584
60,811
60,207
60,448
60,596
60,392
60,1007
60,1168
61,107
61,236
61,280
61,668
62,82
62,132
62,202
62,420
62,584
62,861
62,979
63,114
63,152
63,153
63,318
63,668
63,743
63,792
63,919
63,935
63,1136
64,880
64,584
64,936
64,76
64,226
64,318
64,484
64,743
64,904
64,1080
64,1111
64,740
64,1097
64,1105
64,263
64,595
64,207
64,556
64,266
64,935
64,1037
64,77
64,16
64,114
64,596
64,894
64,1166
64,563
64,1089
64,182
64,82
64,83
64,332
65,82
65,320
65,395
65,596
66,395
66,584
66,936
66,318
66,743
66,1080
66,1105
66,338
66,263
66,595
66,189
66,280
66,823
66,935
66,980
66,82
66,1166
67,16
67,323
67,332
67,596
67,792
67,420
67,1166
68,16
68,383
68,392
68,584
68,669
68,743
68,979
69,16
69,23
69,82
69,83
69,194
69,263
69,584
69,596
69,723
69,743
69,792
69,935
69,979
70,60
70,194
70,200
70,226
70,236
70,331
70,332
70,486
70,935
70,1107
70,1166
71,82
71,83
71,137
71,207
71,369
71,395
71,584
71,743
71,919
71,927
71,935
71,979
71,1166
72,194
72,207
72,226
72,229
72,263
72,332
72,406
72,596
72,743
72,975
72,1078
72,1105
72,1168
73,83
73,85
73,194
73,368
73,392
73,584
73,596
73,919
73,935
73,1073
74,16
74,107
74,194
74,280
74,338
74,484
74,935
74,1073
74,1142
74,677
75,16
75,107
75,194
75,280
75,338
75,484
75,935
75,1073
75,1142
75,677
76,82
76,83
76,86
76,88
76,318
76,669
76,736
76,743
76,781
76,792
76,1073
76,1089
77,88
77,392
77,514
77,516
77,584
77,602
77,734
77,781
77,1080
78,82
78,83
78,88
78,194
78,226
78,584
78,669
78,736
78,743
78,781
78,919
78,935
79,82
79,88
79,139
79,226
79,236
79,584
79,602
79,669
79,743
79,781
79,935
79,979
79,1073
80,30
80,60
80,208
80,448
80,584
80,596
80,811
81,134
81,236
81,275
81,383
81,392
82,15
82,83
82,199
82,513
82,558
82,668
82,1166
83,92
83,642
83,236
83,743
83,686
83,76
83,139
84,109
84,23
84,229
84,584
84,275
84,281
84,76
84,226
84,284
84,318
84,383
84,384
84,396
84,429
84,484
84,563
84,686
84,736
84,743
84,1038
84,1080
84,1147
84,182
84,182
84,1097
84,1105
84,862
84,189
84,82
84,83
84,270
84,596
84,894
84,1166
85,788
85,64
85,584
85,291
85,226
85,736
85,781
85,1066
85,20
85,119
85,124
85,288
85,359
85,408
85,424
85,471
85,514
85,631
85,775
85,952
85,1049
85,1086
85,1099
85,803
85,323
85,596
85,416
85,698
85,333
85,500
85,804
85,1088
86,83
86,97
86,139
86,194
86,236
86,332
86,368
86,383
86,392
86,596
86,686
86,919
86,979
86,1097
86,1166
87,420
87,97
87,669
87,584
87,596
87,798
88,16
88,138
88,194
88,236
88,275
88,280
88,392
88,420
88,743
88,270
88,979
89,63
89,327
89,448
89,514
89,880
89,1172
90,60
90,107
90,112
90,275
90,369
90,383
90,401
90,596
90,189
91,107
91,112
91,187
91,236
91,366
91,383
91,392
91,558
91,1151
92,83
92,112
92,194
92,368
92,383
92,484
92,584
92,596
92,1073
93,83
93,226
93,318
93,332
93,338
93,383
93,584
93,596
93,724
93,743
93,744
93,927
93,979
93,1073
94,405
94,893
94,789
94,1037
95,405
95,76
95,226
95,484
95,743
95,1080
95,207
95,112
95,789
95,1037
96,112
96,194
96,226
96,236
96,392
96,399
96,429
96,596
96,668
96,743
96,935
96,979
96,1168
97,281
97,123
97,318
97,743
97,1080
97,369
97,189
97,82
97,83
97,270
97,76
97,275
97,596
97,894
98,16
98,212
98,217
98,236
98,364
98,392
98,563
98,596
98,668
98,222
98,1166
99,130
99,360
99,960
100,16
100,82
100,83
100,129
100,392
100,1000
100,792
100,1025
101,395
101,584
101,936
101,226
101,318
101,484
101,1080
101,132
101,280
101,935
101,16
101,83
101,596
102,16
102,83
102,114
102,132
102,194
102,332
102,747
102,596
102,677
102,785
102,792
102,935
102,936
103,83
103,135
103,236
103,275
103,596
103,670
103,1038
104,83
104,132
104,134
104,420
104,584
104,1136
104,935
104,979
104,1114
105,82
105,134
105,207
105,420
105,584
105,603
105,919
105,1025
106,83
106,107
106,134
106,194
106,236
106,275
106,164
106,331
106,513
106,743
106,979
106,1105
106,1147
107,134
107,236
107,584
107,935
107,956
108,82
108,114
108,134
108,332
108,420
108,1136
108,792
108,935
108,1168
109,83
109,107
109,134
109,194
109,236
109,392
109,743
109,747
109,808
109,1097
110,405
110,584
110,76
110,226
110,743
110,1080
110,134
110,207
110,1037
110,596
111,134
111,236
111,275
111,1136
111,743
111,828
111,1097
112,83
112,134
112,142
112,236
112,270
112,392
112,584
112,743
112,935
113,83
113,107
113,318
113,596
113,670
113,979
113,1038
113,1080
114,107
114,108
114,134
114,236
114,596
114,747
115,132
115,392
115,668
115,936
115,1078
116,60
116,82
116,83
116,132
116,236
116,420
116,584
116,668
116,919
116,935
116,1073
117,405
117,788
117,880
117,584
117,801
117,936
117,76
117,226
117,318
117,563
117,743
117,1080
117,1111
117,740
117,1105
117,207
117,556
117,935
117,1037
117,77
117,82
117,83
117,332
117,596
117,669
117,894
117,1067
117,1127
117,1166
117,1000
118,16
118,84
118,112
118,175
118,236
118,275
118,392
118,584
118,669
118,975
118,980
118,1151
119,584
119,678
119,936
120,133
120,138
120,226
120,420
120,596
120,619
120,935
121,16
121,83
121,138
121,139
121,226
121,318
121,338
121,724
121,743
121,792
121,927
122,16
122,139
122,194
122,199
122,280
122,392
122,16
122,1073
122,1151
123,107
123,139
123,280
123,596
123,1073
124,139
124,340
124,392
124,584
124,669
124,919
125,60
125,139
125,406
125,1136
126,395
126,584
126,936
126,76
126,226
126,284
126,318
126,743
126,1080
126,338
126,370
126,280
126,935
126,16
126,83
126,596
126,894
127,570
127,592
127,597
128,395
128,584
128,936
128,76
128,226
128,318
128,743
128,1080
128,141
128,280
128,935
128,16
128,83
128,1166
129,405
129,142
129,789
129,1037
129,596
129,1166
130,83
130,134
130,142
130,236
130,270
130,392
130,584
130,743
130,935
131,142
131,743
131,236
131,979
131,318
131,16
131,584
131,596
131,1166
131,935
131,392
131,129
132,134
132,743
132,236
132,979
132,142
132,108
132,187
132,584
132,935
132,83
132,16
132,980
132,199
132,194
132,82
132,1168
133,960
133,880
133,584
133,281
133,291
133,936
133,76
133,284
133,318
133,396
133,484
133,743
133,1038
133,1080
133,366
133,369
133,1157
133,52
133,159
133,398
133,556
133,785
133,280
133,935
133,83
133,596
133,894
133,1166
134,275
134,76
134,318
134,383
134,396
134,563
134,686
134,743
134,1038
134,1080
134,1147
134,1097
134,369
134,411
134,52
134,398
134,556
134,785
134,189
134,980
134,16
134,82
134,83
134,270
134,596
134,1166
135,138
135,152
135,153
135,318
135,395
135,584
135,16
136,405
136,395
136,936
136,76
136,226
136,318
136,1080
136,280
136,935
136,16
136,83
136,596
136,894
137,30
137,63
137,392
137,584
137,596
137,668
138,16
138,49
138,57
138,64
138,154
138,293
138,392
138,395
138,668
139,83
139,226
139,383
139,431
139,564
139,570
139,584
139,596
139,927
139,1075
139,1151
140,16
140,82
140,83
140,159
140,236
140,332
140,420
140,584
140,743
140,792
140,935
140,979
140,1073
140,1166
141,82
141,83
141,159
141,338
141,396
141,584
141,669
141,743
141,935
141,979
141,1073
142,83
142,159
142,194
142,236
142,332
142,584
142,668
142,743
142,919
142,979
143,362
143,229
143,395
143,584
143,275
143,76
143,226
143,284
143,318
143,383
143,396
143,429
143,686
143,736
143,743
143,1038
143,1080
143,1147
143,182
143,182
143,1097
143,1105
143,862
143,369
143,159
143,935
143,604
143,16
143,82
143,83
143,596
143,894
143,1166
144,880
144,395
144,584
144,281
144,936
144,318
144,396
144,743
144,1038
144,1080
144,369
144,601
144,52
144,159
144,398
144,556
144,900
144,280
144,935
144,980
144,16
144,83
144,596
144,894
144,1166
145,16
145,60
145,424
145,525
145,584
145,596
145,935
145,936
145,1075
146,16
146,82
146,194
146,392
146,792
146,935
146,1025
147,60
147,132
147,160
147,226
147,338
147,596
147,646
147,670
147,743
147,935
147,1080
147,1142
148,23
148,229
148,275
148,281
148,936
148,76
148,226
148,284
148,318
148,383
148,396
148,429
148,484
148,563
148,686
148,736
148,743
148,1038
148,1080
148,1147
148,182
148,182
148,1097
148,1105
148,595
148,862
148,558
148,935
148,604
148,82
148,83
148,596
148,894
148,1166
149,83
149,84
149,194
149,196
149,268
149,270
149,332
149,368
149,513
149,558
149,1080
149,816
149,979
149,1076
149,1090
150,134
150,135
150,207
150,420
150,602
150,781
150,828
150,935
151,584
151,936
151,166
151,226
151,318
151,1080
151,280
151,935
151,82
151,83
151,270
151,596
151,894
152,166
152,194
152,236
152,270
152,828
153,83
153,107
153,166
153,194
153,236
153,270
153,275
153,369
153,723
153,743
153,979
153,189
154,360
154,360
154,395
154,584
154,936
154,76
154,226
154,284
154,318
154,383
154,387
154,549
154,563
154,736
154,737
154,743
154,781
154,999
154,424
154,160
154,97
154,132
154,935
154,522
154,82
154,986
154,83
154,669
155,15
155,82
155,83
155,116
155,137
155,584
155,927
155,935
155,1089
156,60
156,193
156,194
156,236
156,275
156,486
156,743
156,1078
156,1166
157,395
157,584
157,281
157,936
157,76
157,226
157,318
157,686
157,743
157,1080
157,1111
157,182
157,338
157,280
157,935
157,16
157,82
157,83
157,596
157,669
157,56
157,55
158,182
158,194
158,596
158,723
158,743
158,797
158,935
158,1073
158,1151
159,16
159,82
159,83
159,138
159,194
159,340
159,368
159,669
159,743
159,792
159,935
160,584
160,187
160,936
161,83
161,202
161,236
161,792
161,935
161,1073
162,584
162,936
162,318
162,202
162,1080
162,935
162,83
162,669
162,743
162,484
163,788
163,23
163,395
163,584
163,226
163,496
163,736
163,1089
163,1147
163,307
163,514
163,207
163,323
163,596
164,395
164,584
164,1147
164,235
164,596
165,275
165,226
165,318
165,383
165,484
165,743
165,1080
165,1097
165,1105
165,207
165,369
165,52
165,556
165,189
165,980
165,16
165,596
165,1166
165,76
165,894
166,207
166,236
166,392
166,668
166,927
166,1066
167,138
167,207
167,226
167,420
167,596
167,668
167,743
167,935
167,1070
167,1136
167,1147
167,1168
168,16
168,275
168,338
168,392
168,743
168,792
168,979
168,1073
168,1151
168,1166
169,395
169,584
169,318
169,207
169,1037
169,16
169,894
169,1166
170,199
170,207
170,369
170,596
170,935
170,189
171,16
171,207
171,236
171,280
171,1073
172,207
172,789
172,797
172,1037
172,596
173,83
173,107
173,137
173,340
173,935
173,1038
174,83
174,187
174,194
174,236
174,270
174,275
174,366
174,392
174,723
174,743
174,979
175,16
175,83
175,338
175,368
175,935
175,1073
176,212
176,217
176,323
176,596
176,665
176,737
176,743
176,997
176,1042
176,1066
176,1137
176,1166
177,212
177,217
177,309
177,323
177,514
177,743
178,236
178,318
178,212
178,217
178,1111
178,496
178,801
178,16
178,114
178,792
178,620
179,16
179,64
179,82
179,83
179,139
179,194
179,219
179,226
179,236
179,293
179,332
179,395
179,584
179,596
179,736
179,743
179,1007
179,1073
179,1166
180,16
180,154
180,211
180,318
180,584
180,1089
180,1168
181,16
181,83
181,194
181,212
181,217
181,236
181,270
181,332
181,383
181,392
182,318
182,424
182,743
182,746
182,781
182,1066
183,16
183,60
183,218
183,392
183,399
183,420
183,584
183,596
183,743
183,1080
183,1166
184,114
184,219
184,318
184,496
184,743
184,1166
185,229
185,71
185,76
185,226
185,318
185,429
185,484
185,563
185,641
185,736
185,743
185,748
185,1038
185,1080
185,182
185,1097
185,218
185,222
185,207
185,369
185,370
185,556
185,558
185,935
185,77
185,16
185,82
185,83
185,270
185,596
185,894
185,1166
185,164
185,281
185,383
185,182
185,189
185,280
185,980
185,1037
186,16
186,82
186,84
186,213
186,235
186,236
186,412
186,584
186,935
186,980
187,229
187,281
187,76
187,318
187,563
187,743
187,1038
187,1080
187,1097
187,218
187,222
187,207
187,935
187,604
187,16
187,596
187,894
187,1166
187,78
187,23
187,416
187,383
187,235
187,369
187,189
187,980
187,839
187,226
187,109
188,405
188,936
188,318
188,743
188,1080
188,218
188,448
188,1037
188,16
188,83
188,596
188,1067
188,1166
188,78
188,409
188,880
188,395
188,584
188,563
188,679
188,797
188,935
188,980
188,82
188,114
188,1084
188,242
188,76
188,823
188,1006
188,312
188,1000
189,16
189,114
189,194
189,218
189,236
189,392
189,584
189,1166
190,405
190,395
190,584
190,936
190,318
190,563
190,743
190,218
190,679
190,797
190,1037
190,980
190,16
190,83
190,114
190,596
190,1067
190,1127
190,1166
190,242
190,76
190,1111
190,935
190,82
190,332
190,1006
190,1084
190,1000
190,409
191,16
191,24
191,114
191,187
191,194
191,213
191,392
191,584
191,811
191,980
191,1127
192,405
192,395
192,584
192,318
192,563
192,743
192,218
192,448
192,679
192,797
192,1037
192,980
192,16
192,82
192,83
192,596
192,1006
192,1067
192,1127
192,1166
192,409
192,242
192,76
192,935
192,114
192,332
192,1084
193,23
193,395
193,584
193,76
193,226
193,284
193,318
193,563
193,743
193,1080
193,182
193,182
193,1097
193,218
193,16
193,82
193,83
193,332
193,596
193,894
193,1166
193,936
193,736
193,935
193,362
193,1037
194,362
194,395
194,936
194,76
194,226
194,318
194,563
194,743
194,1080
194,1111
194,1049
194,280
194,317
194,797
194,935
194,1037
194,604
194,16
194,82
194,83
194,596
194,894
194,1166
195,82
195,83
195,194
195,220
195,584
195,1080
195,16
195,935
195,980
195,1073
195,1075
195,1166
196,16
196,83
196,332
196,392
196,584
196,596
196,604
196,668
196,736
196,792
196,1168
197,960
197,416
197,835
197,318
197,484
197,563
197,235
197,218
197,604
197,596
197,1166
198,16
198,64
198,194
198,219
198,332
198,397
198,496
198,792
198,1166
199,23
199,82
199,83
199,107
199,211
199,226
199,236
199,318
199,392
199,584
199,743
199,979
200,362
200,23
200,64
200,395
200,584
200,936
200,226
200,318
200,563
200,736
200,743
200,1080
200,1111
200,1147
200,218
200,935
200,1037
200,16
200,82
200,83
200,114
200,332
200,596
200,1166
200,76
200,823
200,1067
201,212
201,217
201,226
201,236
201,420
201,222
201,596
201,16
201,935
202,16
202,83
202,114
202,194
202,211
202,236
202,332
202,338
202,392
202,584
202,935
202,1038
202,1073
203,16
203,23
203,83
203,194
203,211
203,318
203,338
203,584
203,596
203,669
203,743
203,935
203,1012
203,1080
203,1166
204,60
204,219
204,399
204,564
204,584
204,596
204,880
204,919
204,1168
205,16
205,226
205,392
205,399
205,584
205,129
205,810
205,935
206,23
206,76
206,139
206,190
206,194
206,236
206,668
206,743
206,957
206,979
206,16
206,83
206,108
206,187
206,194
206,231
206,236
206,238
206,275
206,368
206,383
206,392
206,563
206,596
206,686
206,743
206,911
206,979
206,980
206,1097
206,1147
206,1151
207,23
207,76
207,139
207,190
207,194
207,236
207,668
207,743
207,957
207,979
207,16
207,83
207,108
207,187
207,194
207,231
207,236
207,238
207,275
207,368
207,383
207,392
207,563
207,596
207,686
207,743
207,911
207,979
207,980
207,1097
207,1147
207,1151
208,880
208,395
208,584
208,281
208,291
208,936
208,76
208,226
208,284
208,318
208,396
208,563
208,743
208,1038
208,1080
208,182
208,231
208,369
208,398
208,189
208,280
208,935
208,16
208,82
208,83
208,270
208,332
208,596
208,894
208,1166
209,236
209,318
209,383
209,396
209,563
209,568
209,596
209,604
209,686
209,743
209,1038
210,24
210,83
210,107
210,187
210,194
210,340
210,366
210,392
210,584
210,919
210,979
210,980
210,1166
211,16
211,82
211,83
211,194
211,332
211,392
211,564
211,792
211,935
211,1073
211,1100
211,1166
212,40
212,107
212,238
212,280
212,332
212,596
213,395
213,584
213,936
213,76
213,239
213,318
213,563
213,1080
213,280
213,935
213,1037
213,16
213,82
213,83
214,395
214,584
214,936
214,76
214,239
214,318
214,396
214,1080
214,935
214,16
214,82
214,83
214,596
214,669
214,894
215,427
215,604
215,567
216,16
216,55
216,243
216,392
216,484
216,669
216,743
216,1080
217,63
217,584
217,668
218,244
218,596
218,935
219,82
219,83
219,138
219,236
219,318
219,584
219,596
219,669
219,1074
220,395
220,584
220,936
220,244
220,318
220,743
220,781
220,1080
220,424
220,935
220,82
220,83
220,596
220,669
220,514
220,226
220,383
220,16
221,395
221,584
221,936
221,244
221,318
221,396
221,743
221,781
221,1080
221,338
221,785
221,935
221,16
221,82
221,83
221,596
221,669
222,138
222,194
222,199
222,244
222,584
222,596
222,669
222,781
222,935
222,1073
223,242
223,596
223,794
223,796
223,563
223,1168
224,16
224,236
224,246
224,392
224,563
224,584
224,668
224,975
224,604
224,1151
225,247
226,82
226,138
226,194
226,270
226,340
226,792
226,935
226,1107
227,16
227,83
227,212
227,217
227,226
227,247
227,484
227,743
227,781
227,935
227,1073
227,1089
228,584
228,247
228,936
228,76
228,226
228,284
228,318
228,549
228,686
228,743
228,781
228,942
228,1080
228,132
228,280
228,935
228,16
228,83
228,669
228,596
228,736
228,999
228,894
229,132
229,202
229,420
229,658
229,735
229,935
229,1073
230,395
230,584
230,936
230,226
230,248
230,318
230,743
230,1089
230,338
230,280
230,935
230,522
230,82
230,83
230,270
230,596
230,669
230,781
230,1066
230,1080
230,424
230,514
230,16
230,370
230,986
231,82
231,83
231,248
231,340
231,584
231,669
231,743
231,935
231,1073
232,136
232,248
232,392
232,596
232,781
232,894
232,961
232,1080
233,16
233,60
233,71
233,82
233,194
233,226
233,244
233,280
233,420
233,596
233,658
233,668
233,723
233,935
233,1038
233,360
233,360
233,395
233,584
233,281
233,936
233,318
233,383
233,484
233,549
233,563
233,743
233,781
233,991
233,1080
233,1147
233,64
233,182
233,1105
233,595
233,207
233,132
233,317
233,1037
233,522
233,83
233,669
233,894
233,1166
234,768
234,60
234,406
234,1080
234,323
234,309
234,198
235,226
235,383
235,522
235,563
235,570
235,596
235,927
235,1075
236,83
236,107
236,108
236,187
236,236
236,253
236,194
236,383
236,392
236,743
236,919
236,596
236,980
236,1168
237,405
237,154
237,584
237,936
237,226
237,318
237,563
237,743
237,784
237,1084
237,306
237,307
237,1086
237,207
237,372
237,679
237,1037
237,980
237,323
237,596
237,669
237,1166
237,56
238,83
238,194
238,236
238,253
238,270
238,275
238,383
238,743
238,828
239,405
239,76
239,1080
239,207
239,372
239,679
239,789
239,823
239,1037
239,596
239,1166
240,395
240,584
240,76
240,318
240,383
240,563
240,743
240,1080
240,372
240,935
240,16
240,82
240,83
240,332
240,596
240,894
240,1166
241,275
241,76
241,318
241,383
241,384
241,396
241,563
241,686
241,743
241,1038
241,1080
241,1097
241,369
241,372
241,189
241,980
241,82
241,83
241,270
241,596
241,894
241,1166
242,16
242,75
242,236
242,253
242,318
242,392
242,584
242,596
242,743
242,935
242,961
242,979
242,1038
242,1166
243,24
243,154
243,194
243,236
243,200
243,392
243,554
243,332
243,584
243,919
243,935
243,1166
244,16
244,194
244,337
244,567
244,935
244,980
244,1166
245,395
245,584
245,936
245,318
245,563
245,743
245,1080
245,424
245,514
245,1049
245,263
245,935
245,1037
245,77
245,522
245,16
245,332
245,894
245,1166
245,154
245,1084
245,307
245,338
245,1086
245,980
245,114
245,1067
245,1127
245,409
246,15
246,23
246,82
246,83
246,236
246,254
246,262
246,584
246,743
246,792
246,919
246,935
246,1166
247,16
247,194
247,207
247,543
247,332
247,584
247,743
247,152
247,153
247,263
247,318
247,358
247,392
247,395
247,604
247,743
248,16
248,194
248,207
248,543
248,332
248,584
248,743
249,82
249,83
249,134
249,194
249,236
249,263
249,329
249,332
249,792
249,129
249,1073
249,1166
250,82
250,107
250,135
250,194
250,236
250,263
250,392
250,399
250,596
250,670
250,743
250,935
250,975
250,1166
251,83
251,107
251,134
251,236
251,263
251,270
251,392
251,564
251,584
251,743
251,979
251,980
251,1168
252,182
252,263
252,430
252,596
252,1078
252,1166
253,360
253,464
253,960
253,880
253,395
253,584
253,936
253,76
253,226
253,284
253,318
253,563
253,736
253,743
253,1080
253,1111
253,134
253,182
253,1097
253,1105
253,263
253,207
253,132
253,935
253,1037
253,16
253,82
253,83
253,332
253,596
253,1166
254,16
254,194
254,207
254,543
254,332
254,584
254,743
254,152
254,153
254,263
254,318
254,358
254,392
254,395
254,604
254,743
255,16
255,194
255,263
255,439
255,584
255,935
255,1073
255,1151
255,1168
256,395
256,584
256,936
256,226
256,318
256,563
256,743
256,1080
256,134
256,514
256,263
256,280
256,797
256,935
256,1037
256,16
256,82
256,83
256,332
256,596
256,1166
256,76
256,736
256,894
257,23
257,395
257,584
257,936
257,76
257,226
257,318
257,563
257,736
257,743
257,1080
257,182
257,740
257,182
257,1097
257,1105
257,338
257,263
257,935
257,1037
257,604
257,16
257,82
257,83
257,894
257,1166
257,484
257,1111
257,424
257,1049
257,280
257,332
257,596
257,1089
257,514
257,1086
257,114
258,362
258,395
258,584
258,936
258,76
258,226
258,318
258,563
258,736
258,743
258,1080
258,1147
258,1097
258,338
258,424
258,514
258,263
258,785
258,280
258,935
258,1037
258,604
258,16
258,82
258,83
258,596
258,894
258,1166
258,284
258,1111
258,182
258,332
259,788
259,23
259,880
259,395
259,584
259,936
259,76
259,226
259,318
259,563
259,736
259,743
259,974
259,1080
259,1147
259,1097
259,424
259,1049
259,263
259,935
259,1037
259,16
259,83
259,332
259,926
259,1166
259,990
260,16
260,194
260,263
260,332
260,338
260,392
260,564
260,744
260,792
260,927
260,935
260,1168
261,60
261,175
261,264
261,596
261,668
261,743
261,1166
262,16
262,265
262,392
262,542
262,743
262,792
262,979
262,1075
262,1076
263,395
263,584
263,936
263,76
263,318
263,563
263,743
263,1080
263,263
263,358
263,280
263,935
263,16
263,332
263,1166
263,226
263,1111
263,182
263,383
263,596
263,894
264,295
264,229
264,584
264,275
264,76
264,318
264,484
264,563
264,743
264,1080
264,1147
264,182
264,1097
264,1105
264,263
264,862
264,16
264,83
264,270
264,596
264,894
264,1166
265,362
265,23
265,395
265,584
265,416
265,936
265,76
265,226
265,318
265,563
265,736
265,743
265,1038
265,1080
265,1111
265,1147
265,1105
265,424
265,1049
265,263
265,935
265,16
265,82
265,83
265,332
265,1166
266,114
266,194
266,264
266,320
266,332
266,1089
266,596
266,668
266,1073
266,1168
267,76
267,83
267,194
267,236
267,263
267,270
267,935
267,1038
268,16
268,82
268,83
268,114
268,194
268,236
268,267
268,318
268,564
268,584
268,596
268,743
268,792
268,935
268,979
268,1166
269,16
269,318
269,332
269,338
269,392
269,395
269,584
269,935
269,1076
270,318
270,392
270,558
270,894
271,136
271,194
271,236
271,263
271,584
271,743
271,935
271,1073
271,1166
272,362
272,395
272,584
272,936
272,226
272,318
272,563
272,736
272,743
272,1080
272,1111
272,182
272,182
272,1097
272,1105
272,338
272,424
272,514
272,263
272,280
272,935
272,1037
272,16
272,332
272,596
272,1166
272,229
272,76
272,284
272,65
272,114
273,395
273,584
273,936
273,76
273,226
273,284
273,318
273,563
273,736
273,743
273,1038
273,1080
273,1111
273,182
273,1097
273,1105
273,424
273,1049
273,1086
273,263
273,280
273,935
273,1037
273,16
273,82
273,83
273,332
273,1166
273,182
273,514
273,596
273,894
274,82
274,83
274,107
274,236
274,270
274,275
274,723
274,743
274,931
274,979
274,1097
275,83
275,340
275,986
275,1073
276,23
276,82
276,194
276,263
276,275
276,392
276,199
276,723
276,743
276,979
277,82
277,83
277,134
277,194
277,543
277,275
277,564
277,584
277,602
277,743
277,792
277,919
278,395
278,584
278,275
278,936
278,76
278,318
278,743
278,1080
278,134
278,263
278,280
278,789
278,935
278,1037
278,83
278,894
278,1166
279,275
279,76
279,318
279,383
279,743
279,1080
279,1147
279,1097
279,369
279,189
279,16
279,270
279,894
280,383
280,979
280,392
280,270
280,83
280,318
280,596
280,1166
280,1080
281,275
281,329
281,392
281,584
281,596
281,935
281,1073
281,1168
282,405
282,275
282,1080
282,207
282,1037
282,596
283,229
283,275
283,76
283,226
283,318
283,383
283,384
283,429
283,484
283,743
283,1038
283,1080
283,1147
283,182
283,182
283,1097
283,1105
283,369
283,411
283,159
283,558
283,189
283,280
283,16
283,83
283,596
283,894
283,1166
284,395
284,584
284,275
284,936
284,76
284,318
284,743
284,1080
284,280
284,679
284,935
284,1037
284,16
284,82
284,83
284,332
284,596
284,894
285,281
285,318
285,383
285,743
285,1080
285,369
285,189
285,280
285,935
285,16
285,596
285,1166
285,76
285,894
286,1012
286,369
286,282
286,743
286,723
286,226
286,236
287,188
287,236
287,596
287,1097
288,207
288,264
288,406
288,567
288,596
288,1166
289,16
289,114
289,312
289,318
289,332
289,392
289,422
289,448
289,584
289,595
289,596
289,705
289,797
289,1166
290,16
290,332
290,395
290,584
290,935
290,1073
291,24
291,154
291,194
291,236
291,200
291,392
291,554
291,332
291,584
291,919
291,935
291,1166
292,82
292,293
292,792
292,1025
293,16
293,236
293,294
293,332
293,392
293,603
293,743
293,935
293,1168
294,362
294,936
294,226
294,318
294,743
294,1080
294,1147
294,207
294,369
294,132
294,189
294,935
294,16
294,596
294,894
294,1166
295,362
295,226
295,318
295,743
295,1080
295,595
295,207
295,369
295,132
295,189
295,280
295,935
295,16
295,596
295,1166
295,1105
296,207
296,236
296,294
296,295
296,392
296,743
296,979
296,1151
297,164
297,194
297,207
297,236
297,294
297,513
297,596
297,1168
298,362
298,226
298,318
298,384
298,743
298,1080
298,1147
298,595
298,207
298,369
298,132
298,189
298,935
298,980
298,16
298,596
298,1166
298,164
298,862
298,894
299,107
299,187
299,207
299,226
299,236
299,293
299,164
299,366
299,596
299,723
299,743
299,935
299,1166
300,16
300,236
300,294
300,332
300,392
300,603
300,743
300,935
300,1168
301,362
301,395
301,584
301,936
301,226
301,318
301,396
301,563
301,743
301,781
301,1080
301,1111
301,182
301,1105
301,595
301,207
301,280
301,935
301,1037
301,980
301,16
301,114
301,1166
301,736
301,263
301,747
301,823
301,182
301,894
302,362
302,395
302,584
302,936
302,226
302,318
302,736
302,743
302,1038
302,1080
302,358
302,369
302,747
302,935
302,1037
302,522
302,16
302,82
302,83
303,362
303,395
303,584
303,936
303,226
303,318
303,736
303,743
303,1080
303,369
303,747
303,189
303,280
303,935
303,1037
303,16
303,82
303,83
303,596
303,1067
303,1166
303,894
304,295
304,323
304,584
305,16
305,82
305,83
305,194
305,229
305,236
305,332
305,392
305,584
305,747
305,792
305,1166
306,84
306,114
306,207
306,219
306,222
306,236
306,318
306,321
306,563
306,584
306,646
306,904
306,919
306,935
306,983
306,1156
306,1166
307,11
307,60
307,668
307,979
307,1078
307,1151
308,60
308,30
308,571
308,584
308,668
308,811
309,207
309,30
309,448
309,584
309,596
309,811
310,194
310,323
310,584
310,596
310,665
311,16
311,320
311,332
311,392
311,584
311,669
312,395
312,584
312,936
312,1080
312,338
312,280
312,935
312,82
312,83
312,894
313,395
313,584
313,936
313,318
313,320
313,743
313,935
313,16
313,82
313,83
313,596
313,669
314,320
314,16
314,792
314,138
314,935
314,596
315,395
315,584
315,936
315,318
315,320
315,743
315,1080
315,556
315,280
315,679
315,823
315,935
315,1037
315,16
315,82
315,596
315,83
316,207
316,320
316,543
316,596
316,797
317,320
317,16
317,107
317,332
317,792
317,797
317,935
317,1073
317,392
318,1083
318,788
318,584
318,226
318,736
318,743
318,781
318,1111
318,1136
318,53
318,323
318,596
319,114
319,194
319,226
319,275
319,668
319,723
319,743
319,792
319,919
319,935
320,60
320,82
320,83
320,137
320,194
320,212
320,217
320,354
320,368
320,383
320,549
320,567
320,584
320,669
320,743
320,758
320,781
320,935
320,1049
320,1066
321,16
321,82
321,137
321,194
321,164
321,392
321,792
321,935
321,1025
321,329
321,698
321,1073
322,226
322,318
322,743
322,1080
322,1147
322,595
322,207
322,369
322,132
322,189
322,935
322,16
322,332
322,596
322,1166
322,164
322,23
322,280
322,894
323,107
323,207
323,236
323,369
323,164
323,596
323,1166
323,189
324,60
324,392
324,395
324,30
324,448
324,584
324,596
324,1143
325,236
325,318
325,331
325,369
325,743
325,979
325,189
326,60
326,330
326,486
326,596
326,668
326,743
327,112
327,116
327,318
327,336
327,646
327,654
327,724
327,794
327,796
327,927
328,82
328,270
328,339
328,340
328,935
329,82
329,83
329,112
329,332
329,338
329,378
329,584
329,743
329,792
329,919
329,935
329,979
329,1168
330,16
330,23
330,226
330,229
330,318
330,332
330,563
330,584
330,596
330,743
330,211
330,927
330,935
330,979
330,1073
330,1166
331,327
331,392
331,584
332,16
332,83
332,136
332,138
332,194
332,236
332,280
332,338
332,348
332,596
332,129
332,792
333,16
333,83
333,136
333,138
333,194
333,236
333,280
333,338
333,348
333,596
333,129
333,792
334,207
334,30
334,584
334,699
334,811
334,1044
335,132
335,138
335,350
335,549
335,781
335,919
335,935
336,109
336,295
336,23
336,229
336,76
336,284
336,318
336,383
336,396
336,429
336,484
336,563
336,686
336,1080
336,1097
336,351
336,369
336,558
336,82
336,83
336,270
336,596
336,894
336,1166
337,109
337,23
337,1035
337,281
337,76
337,284
337,318
337,383
337,662
337,396
337,429
337,484
337,563
337,686
337,743
337,1080
337,1147
337,1097
337,351
337,369
337,52
337,556
337,604
337,82
337,83
337,270
337,596
337,894
337,1166
338,16
338,82
338,83
338,137
338,226
338,338
338,354
338,669
338,743
338,781
338,897
338,935
339,354
339,584
339,383
339,781
339,1080
339,369
339,132
339,189
339,16
339,332
339,78
340,392
340,134
340,676
340,16
340,935
340,138
341,16
341,114
341,134
341,194
341,236
341,263
341,275
341,392
341,399
341,486
341,564
341,584
341,640
341,935
341,1166
342,395
342,584
342,936
342,76
342,226
342,318
342,1080
342,358
342,935
342,16
342,894
342,1166
343,395
343,584
343,936
343,76
343,226
343,318
343,1080
343,358
343,935
343,16
343,894
343,1166
344,16
344,280
344,323
344,395
344,668
344,861
344,1073
344,1133
345,366
345,16
345,395
345,792
345,1073
346,16
346,320
346,596
346,792
346,797
346,935
346,1073
347,16
347,138
347,332
347,584
347,129
347,792
347,861
347,935
348,16
348,23
348,392
348,584
348,792
348,794
348,796
348,861
348,979
348,1073
348,1151
349,16
349,57
349,194
349,199
349,323
349,366
349,584
349,792
349,1073
350,323
350,788
350,1114
350,1168
351,29
351,416
351,575
351,584
351,961
351,1172
352,596
352,1166
352,1007
352,604
352,406
352,1079
352,175
352,1078
352,392
353,584
353,936
353,76
353,318
353,383
353,1080
353,370
353,935
353,16
353,83
353,270
353,596
353,669
353,894
354,30
354,207
354,584
354,596
354,811
354,988
355,318
355,383
355,743
355,1080
355,369
355,187
355,189
355,935
355,1037
355,16
355,596
355,894
355,1166
356,392
356,149
356,668
356,280
356,194
356,236
356,584
356,935
356,1073
357,190
357,194
357,236
357,383
357,392
357,270
358,960
358,395
358,584
358,936
358,76
358,85
358,318
358,386
358,1080
358,424
358,370
358,935
358,16
358,82
358,83
358,596
358,669
359,16
359,83
359,138
359,194
359,383
359,584
359,677
359,927
359,935
359,979
359,1105
360,83
360,383
360,584
360,596
360,669
360,724
360,1073
361,662
361,236
361,979
361,392
361,681
361,369
361,270
361,107
361,318
361,83
362,16
362,132
362,392
362,792
362,935
363,16
363,83
363,194
363,236
363,280
363,366
363,392
363,563
363,584
364,392
364,584
365,83
365,570
365,669
365,750
365,1080
366,107
366,108
366,134
366,187
366,247
366,584
366,935
366,1080
367,15
367,16
367,82
367,83
367,139
367,543
367,399
367,584
367,723
367,743
367,1080
367,1166
368,601
368,309
368,596
368,775
368,794
368,796
368,1166
369,49
369,132
369,226
369,420
369,496
369,503
369,596
369,656
369,743
369,818
369,935
369,997
369,1073
370,354
370,584
370,936
370,383
370,384
370,781
370,1066
370,424
370,595
370,742
370,207
370,522
370,16
370,56
370,596
370,669
370,55
371,392
371,933
371,935
371,570
371,16
371,584
371,669
371,83
372,82
372,83
372,139
372,194
372,226
372,392
372,584
372,596
372,602
372,669
372,737
372,743
372,781
372,927
373,138
373,270
373,340
373,396
374,16
374,82
374,83
374,396
374,584
374,669
374,900
374,935
374,1073
375,60
375,194
375,226
375,236
375,392
375,396
375,486
375,724
375,743
375,956
375,1007
375,1078
375,1166
376,275
376,318
376,383
376,743
376,1080
376,1097
376,369
376,809
376,189
376,401
376,980
376,270
376,596
376,894
377,60
377,448
377,584
377,698
377,811
377,1143
378,194
378,270
378,275
378,369
378,1097
379,281
379,318
379,383
379,369
379,189
379,401
379,280
379,935
379,16
379,596
380,362
380,318
380,383
380,743
380,369
380,411
380,189
380,401
380,935
380,16
380,596
381,362
381,318
381,743
381,595
381,369
381,189
381,401
381,280
381,935
381,980
381,16
381,596
381,1166
381,789
381,894
382,318
382,1080
382,369
382,1157
382,401
382,935
382,16
382,596
382,894
382,1166
383,194
383,392
383,584
383,596
383,669
383,781
383,979
383,1073
384,584
384,936
384,76
384,226
384,318
384,743
384,781
384,1080
384,1089
384,338
384,401
384,16
384,83
384,596
384,669
384,894
385,275
385,318
385,743
385,1080
385,1097
385,369
385,411
385,189
385,401
385,16
385,270
385,596
385,383
386,392
386,401
386,584
386,596
386,669
386,743
386,781
386,979
386,1073
387,107
387,137
387,194
387,226
387,668
387,743
387,935
388,584
388,936
388,226
388,318
388,743
388,1080
388,401
388,935
388,82
388,83
388,596
388,669
389,401
389,584
389,668
390,114
390,584
390,654
390,743
390,1025
391,619
391,743
391,226
391,236
391,1151
391,175
391,291
391,207
391,980
391,596
391,1168
391,242
391,16
391,395
391,584
391,392
391,194
392,318
392,399
392,979
392,16
392,1080
392,1151
393,194
393,236
393,332
393,411
393,979
393,1151
394,41
394,187
394,236
394,392
394,411
394,596
394,723
394,1168
395,82
395,280
395,423
395,516
395,584
395,596
395,792
395,1073
396,395
396,584
396,936
396,76
396,318
396,429
396,484
396,563
396,743
396,1080
396,370
396,558
396,83
396,596
396,894
396,960
396,226
396,383
396,424
396,514
396,935
396,16
396,669
397,429
397,424
397,743
397,226
397,927
397,83
397,366
397,318
397,563
397,340
397,584
397,558
397,392
397,406
397,969
398,194
398,236
398,431
398,596
398,935
398,1073
399,1035
399,76
399,318
399,429
399,743
399,1080
399,369
399,189
399,83
399,270
399,596
399,894
400,16
400,60
400,226
400,486
400,556
400,596
400,723
400,736
400,1078
401,226
401,318
401,383
401,424
401,429
401,420
401,743
401,927
401,596
401,1151
402,288
402,584
402,678
403,318
403,332
403,743
403,979
403,1073
403,1080
404,443
404,82
404,792
404,332
404,935
404,194
405,16
405,332
405,448
405,554
405,746
405,792
406,16
406,82
406,83
406,182
406,187
406,194
406,236
406,270
406,332
406,340
406,396
406,584
406,669
406,743
406,1168
407,24
407,53
407,60
407,596
407,1097
407,1166
408,23
408,82
408,83
408,107
408,182
408,187
408,194
408,236
408,332
408,340
408,366
408,383
408,596
408,743
408,979
408,1168
409,395
409,584
409,936
409,76
409,226
409,318
409,743
409,1080
409,182
409,182
409,1105
409,263
409,189
409,935
409,1037
409,16
409,596
410,83
410,107
410,182
410,194
410,369
410,596
410,641
410,668
410,1168
410,189
411,30
411,448
411,584
411,596
411,648
411,811
412,63
412,584
413,332
413,462
413,596
413,668
413,880
413,935
414,23
414,83
414,194
414,195
414,236
414,338
414,392
414,462
414,16
414,743
414,1107
414,1151
415,16
415,236
415,306
415,392
415,399
415,462
415,584
415,668
415,681
415,743
415,979
415,1151
416,360
416,464
416,960
417,83
417,194
417,236
417,395
417,584
417,596
417,724
418,107
418,194
418,236
418,383
418,396
418,474
418,563
418,596
418,798
418,979
418,1038
419,960
419,880
419,395
419,584
419,936
419,76
419,318
419,396
419,563
419,743
419,1038
419,1080
419,306
419,424
419,1086
419,474
419,1157
419,398
419,935
419,1037
419,604
419,16
419,82
419,83
419,270
419,596
419,894
419,1166
420,16
420,83
420,114
420,194
420,236
420,392
420,182
420,640
420,743
420,792
420,808
420,974
420,979
421,362
421,275
421,76
421,318
421,563
421,686
421,743
421,1038
421,1080
421,134
421,182
421,1097
421,263
421,603
421,1136
421,369
421,189
421,980
421,16
421,82
421,83
421,596
421,1166
421,295
421,862
421,1037
421,270
421,894
422,83
422,194
422,340
422,484
422,558
422,724
422,743
422,781
423,16
423,194
423,212
423,217
423,226
423,306
423,340
423,484
423,584
423,669
423,743
423,758
423,781
423,1089
424,405
424,76
424,226
424,284
424,484
424,743
424,207
424,679
424,789
424,797
424,1037
424,596
424,894
425,405
425,76
425,226
425,484
425,743
425,1080
425,1147
425,207
425,411
425,1157
425,556
425,785
425,280
425,823
425,1037
425,596
426,60
426,83
426,107
426,194
426,236
426,392
426,596
426,935
426,1166
427,489
427,681
427,152
427,153
427,16
427,584
427,332
427,194
427,567
427,1166
427,137
427,935
428,16
428,76
428,83
428,84
428,236
428,318
428,332
428,383
428,489
428,743
428,828
428,935
428,979
429,395
429,584
429,936
429,76
429,318
429,743
429,1080
429,372
429,280
429,935
429,1037
429,16
429,82
429,83
429,669
429,1166
430,23
430,194
430,236
430,558
430,743
430,935
431,15
431,60
431,187
431,236
431,280
431,489
431,596
431,894
432,194
432,584
432,919
432,935
432,1166
433,16
433,82
433,83
433,194
433,226
433,236
433,340
433,399
433,584
433,743
433,785
433,935
433,979
433,1073
433,1168
434,16
434,138
434,194
434,323
434,346
434,584
434,595
434,655
434,737
434,743
434,784
434,935
434,980
434,1168
435,16
435,318
435,378
435,584
435,723
435,739
435,743
436,362
436,229
436,395
436,584
436,275
436,936
436,76
436,226
436,284
436,318
436,383
436,396
436,429
436,563
436,686
436,743
436,1038
436,1080
436,1147
436,182
436,182
436,1097
436,595
436,862
436,369
436,159
436,935
436,980
436,16
436,82
436,83
436,596
436,894
436,1166
437,82
437,83
437,236
437,270
437,318
437,332
437,340
437,76
437,383
437,182
437,493
437,563
437,662
437,743
438,494
438,596
438,1139
438,16
438,980
438,584
438,1166
438,1151
438,320
438,563
439,114
439,194
439,323
439,332
439,496
439,596
439,668
439,556
439,1166
440,82
440,83
440,116
440,194
440,270
440,280
440,682
440,936
441,194
441,226
441,392
441,584
441,602
441,669
441,723
441,919
441,935
441,1073
442,82
442,83
442,138
442,165
442,194
442,199
442,338
442,542
442,584
442,669
442,781
442,828
442,919
442,935
443,354
443,395
443,584
443,936
443,226
443,284
443,318
443,387
443,429
443,484
443,549
443,736
443,743
443,781
443,424
443,207
443,369
443,132
443,280
443,935
443,522
443,16
443,82
443,986
443,83
443,596
443,669
444,16
444,60
444,82
444,83
444,132
444,420
444,549
444,584
444,792
444,935
444,957
445,23
445,83
445,139
445,194
445,236
445,269
445,270
445,282
445,429
445,563
445,564
445,596
445,743
445,816
445,979
445,1166
446,23
446,83
446,139
446,194
446,236
446,269
446,270
446,282
446,429
446,563
446,564
446,596
446,743
446,816
446,979
446,1166
447,76
447,83
447,194
447,236
447,270
447,280
447,513
447,595
447,129
447,935
447,1105
448,164
448,194
448,207
448,236
448,294
448,513
448,596
448,1168
449,60
449,63
449,309
449,30
449,514
449,584
449,596
450,16
450,82
450,83
450,340
450,543
450,668
451,16
451,236
451,543
451,399
451,460
451,584
451,596
451,668
451,980
451,1166
452,960
452,173
452,416
452,835
452,318
452,1080
452,235
452,218
452,980
452,596
452,894
452,1166
452,839
452,291
452,226
452,563
452,743
452,360
453,60
453,420
453,149
453,226
453,236
453,403
453,484
453,556
453,668
453,743
453,786
453,935
453,1111
453,1134
454,364
454,23
454,1147
454,743
454,736
454,263
454,556
454,785
454,1134
454,990
454,114
454,584
454,392
455,159
455,194
455,200
455,392
455,411
455,556
455,743
455,974
455,979
455,129
456,405
456,546
456,1037
456,596
456,880
456,679
456,823
456,1166
456,448
457,16
457,175
457,236
457,309
457,332
457,392
457,564
457,596
457,792
457,956
457,1166
458,584
458,936
458,76
458,226
458,318
458,484
458,549
458,743
458,999
458,1080
458,370
458,280
458,935
458,16
458,83
458,669
458,395
458,686
458,596
458,894
459,16
459,332
459,448
459,554
459,746
459,792
460,16
460,82
460,83
460,194
460,392
460,554
460,584
460,129
460,935
461,405
461,76
461,226
461,318
461,1080
461,182
461,207
461,789
461,1037
461,596
461,1166
462,16
462,318
462,555
462,584
462,669
462,743
462,761
462,935
463,194
463,448
463,596
463,668
463,556
463,1085
464,41
464,107
464,188
464,368
465,16
465,114
465,194
465,207
465,556
465,596
465,640
465,743
465,927
465,935
465,979
465,980
465,1073
465,1166
466,41
466,82
466,83
466,194
466,323
466,332
466,340
466,395
466,668
466,935
467,275
467,194
467,1080
467,1151
467,979
467,558
468,16
468,556
468,584
468,596
468,669
468,1166
469,83
469,187
469,236
469,270
469,366
469,392
469,723
469,724
469,743
469,979
470,16
470,392
470,508
470,668
470,669
470,791
470,792
470,961
470,1066
471,109
471,556
471,668
472,132
472,323
472,392
472,420
472,584
472,596
472,669
472,781
472,1166
473,60
473,132
473,202
473,935
473,323
473,330
473,346
473,392
473,420
473,476
473,584
473,669
473,758
473,781
473,596
473,1136
474,9
474,60
474,323
474,406
474,508
474,669
474,743
474,792
474,1118
475,208
475,30
475,571
475,584
475,668
475,811
475,61
476,236
476,383
476,583
476,596
476,604
476,724
476,748
476,1038
477,83
477,84
477,236
477,318
477,366
477,554
477,583
477,619
477,828
477,1038
477,1105
477,1166
478,109
478,229
478,318
478,383
478,563
478,743
478,1080
478,595
478,862
478,207
478,189
478,980
478,596
478,1166
479,15
479,16
479,236
479,514
479,584
479,595
480,362
480,395
480,584
480,835
480,936
480,76
480,226
480,318
480,383
480,563
480,743
480,1080
480,1147
480,182
480,1097
480,1105
480,235
480,338
480,424
480,514
480,1049
480,1086
480,595
480,742
480,280
480,935
480,604
480,16
480,596
480,894
480,1166
481,109
481,295
481,584
481,226
481,318
481,743
481,1080
481,1111
481,182
481,182
481,1097
481,595
481,4
481,411
481,879
481,1157
481,52
481,159
481,391
481,398
481,556
481,785
481,900
481,189
481,16
481,83
481,596
481,894
481,1166
482,236
482,318
482,383
482,595
482,1038
482,1166
483,16
483,132
483,194
483,207
483,226
483,331
483,332
483,420
483,484
483,584
483,595
483,668
483,935
483,1166
484,16
484,236
484,332
484,358
484,563
484,584
484,595
484,743
484,792
484,816
484,1075
484,1076
485,83
485,107
485,236
485,392
485,595
485,596
485,641
485,935
485,979
485,1151
486,107
486,194
486,401
486,595
486,596
486,681
486,935
487,194
487,197
487,392
487,420
487,596
487,668
487,740
487,1147
487,927
487,935
487,1151
487,1166
488,362
488,229
488,395
488,584
488,936
488,76
488,226
488,318
488,496
488,563
488,736
488,743
488,974
488,1080
488,1089
488,1111
488,182
488,740
488,182
488,1097
488,1105
488,424
488,1049
488,595
488,280
488,935
488,1037
488,16
488,332
488,596
488,1166
489,16
489,236
489,318
489,337
489,584
489,595
489,604
489,743
489,1073
489,1168
490,362
490,109
490,395
490,275
490,55
490,123
490,318
490,384
490,396
490,429
490,549
490,686
490,974
490,1080
490,1147
490,182
490,182
490,1097
490,1105
490,595
490,862
490,369
490,556
490,558
490,747
490,189
490,16
490,82
490,83
490,596
490,894
491,71
491,76
491,318
491,383
491,563
491,641
491,743
491,748
491,1038
491,1080
491,182
491,1105
491,595
491,207
491,369
491,189
491,280
491,935
491,1037
491,77
491,980
491,16
491,83
491,596
491,1166
491,82
491,429
491,894
492,23
492,92
492,935
493,16
493,82
493,83
493,139
493,229
493,282
493,318
493,368
493,429
493,484
493,513
493,743
494,318
494,563
494,743
494,119
494,424
494,514
494,1049
494,1086
494,797
494,935
494,16
494,596
494,1166
495,16
495,236
495,318
495,420
495,429
495,513
495,743
495,1038
495,1097
496,30
496,207
496,448
496,584
496,596
496,811
497,16
497,182
497,194
497,236
497,338
497,395
497,584
497,743
497,935
497,1097
497,1166
498,229
498,395
498,584
498,936
498,226
498,318
498,563
498,743
498,1080
498,182
498,380
498,740
498,182
498,1097
498,1105
498,424
498,595
498,935
498,16
498,332
498,596
498,894
498,1166
498,362
498,736
498,1111
498,338
498,1049
498,1086
498,280
498,1037
498,114
499,82
499,358
499,392
499,584
499,743
499,919
499,979
499,1025
500,603
500,1089
500,743
500,979
500,318
500,668
500,114
500,332
500,1168
500,1073
501,395
501,584
501,936
501,76
501,226
501,318
501,484
501,736
501,743
501,1080
501,1089
501,1111
501,603
501,789
501,935
501,1037
501,16
501,82
501,83
501,596
501,894
501,1067
501,1166
501,362
501,320
501,496
501,810
501,280
501,679
501,797
501,823
501,1100
501,740
501,1000
501,150
501,448
502,207
502,406
502,508
502,596
502,603
502,1166
503,194
503,196
503,734
503,332
503,338
503,424
503,1080
503,16
503,743
503,1154
503,1166
503,16
504,60
504,76
504,139
504,194
504,226
504,280
504,309
504,323
504,331
504,338
504,383
504,420
504,549
504,682
504,868
504,935
504,1073
505,16
505,114
505,194
505,392
505,584
505,596
505,739
505,880
505,935
505,1073
505,1168
506,677
506,178
506,596
506,935
507,154
508,194
508,226
508,236
508,332
508,383
508,416
508,427
508,567
508,584
508,743
508,792
508,919
508,935
508,1105
508,1151
508,1166
509,107
509,194
509,270
509,332
509,431
509,595
509,681
509,1080
510,107
510,194
510,270
510,332
510,431
510,595
510,681
510,1080
511,82
511,154
511,427
511,584
511,595
511,698
511,16
511,744
511,792
511,332
511,863
511,1143
511,1166
512,82
512,132
512,420
512,584
512,596
512,935
512,979
512,980
512,1073
512,1168
513,83
513,236
513,270
513,275
513,619
513,681
513,723
513,743
513,979
514,16
514,83
514,194
514,236
514,383
514,392
514,596
514,619
514,935
514,1166
515,107
515,194
515,369
515,368
515,596
515,619
515,935
515,1168
515,189
516,367
516,392
516,270
517,138
517,226
517,236
517,318
517,340
517,395
517,399
517,584
517,619
517,743
517,919
517,1105
517,1166
518,194
518,669
518,496
518,963
518,1066
518,1089
518,1100
518,1139
519,16
519,194
519,332
519,182
519,584
519,619
519,743
519,935
519,979
520,60
520,187
520,329
520,366
520,369
520,416
520,427
520,554
520,564
520,619
520,743
520,835
520,919
520,979
520,1105
520,1166
521,15
521,107
521,154
521,395
521,416
521,596
521,619
521,658
521,816
521,935
521,1076
522,16
522,194
522,392
522,584
522,619
522,979
523,7
523,16
523,108
523,392
523,429
523,182
523,584
523,743
524,420
524,197
524,801
524,16
524,584
524,935
524,194
525,133
525,189
525,596
525,935
525,980
525,1038
525,1073
525,1168
526,84
526,114
526,207
526,318
526,338
526,346
526,392
526,561
526,596
526,740
526,743
526,919
526,935
526,980
526,1049
526,1066
526,1105
526,1166
527,360
527,637
527,960
528,129
529,596
529,961
529,1093
530,62
530,392
530,563
530,584
530,863
531,23
531,83
531,107
531,134
531,135
531,187
531,194
531,236
531,366
531,369
531,392
531,406
531,596
531,743
531,935
531,979
531,1147
531,189
532,83
532,107
532,182
532,194
532,369
532,596
532,641
532,668
532,1168
532,189
533,936
533,226
533,318
533,396
533,641
533,743
533,1080
533,280
533,935
533,16
533,596
533,76
533,894
534,82
534,83
534,139
534,226
534,338
534,584
534,642
534,736
534,743
534,792
534,919
534,935
534,1073
534,1168
534,82
534,83
534,139
534,226
534,338
534,584
534,642
534,736
534,743
534,792
534,919
534,935
534,1073
534,1168
535,82
535,83
535,139
535,226
535,338
535,584
535,642
535,736
535,743
535,792
535,919
535,935
535,1073
535,1168
535,82
535,83
535,139
535,226
535,338
535,584
535,642
535,736
535,743
535,792
535,919
535,935
535,1073
535,1168
536,83
536,194
536,236
536,282
536,484
536,513
536,642
536,979
536,1166
537,83
537,236
537,282
537,392
537,558
537,596
537,724
537,979
537,1168
538,229
538,395
538,584
538,281
538,936
538,76
538,226
538,284
538,318
538,563
538,686
538,736
538,743
538,1080
538,642
538,280
538,935
538,1037
538,980
538,16
538,82
538,83
538,596
538,1166
538,64
538,894
539,362
539,109
539,295
539,229
539,281
539,76
539,226
539,284
539,318
539,383
539,429
539,484
539,563
539,743
539,942
539,1038
539,1080
539,1147
539,182
539,1097
539,263
539,642
539,862
539,558
539,604
539,16
539,82
539,83
539,270
539,596
539,894
539,1166
540,83
540,236
540,263
540,282
540,596
540,642
540,513
540,1168
541,83
541,107
541,134
541,194
541,207
541,236
541,369
541,596
541,643
541,935
541,1166
541,189
542,76
542,108
542,207
542,236
542,558
542,643
543,643
543,743
543,236
543,60
543,369
543,83
543,935
543,107
543,596
544,275
544,76
544,318
544,563
544,743
544,1080
544,1147
544,134
544,1097
544,263
544,207
544,369
544,411
544,558
544,189
544,935
544,1037
544,77
544,980
544,16
544,82
544,83
544,596
544,1166
545,275
545,76
545,318
545,563
545,686
545,743
545,1080
545,1147
545,134
545,263
545,207
545,369
545,411
545,1157
545,159
545,398
545,556
545,558
545,785
545,189
545,280
545,935
545,1037
545,77
545,16
545,83
545,332
545,596
546,16
546,323
546,332
546,596
546,792
546,420
546,1166
547,788
547,275
547,936
547,226
547,318
547,484
547,743
547,1066
547,1080
547,1111
547,740
547,1136
547,460
547,207
547,53
547,556
547,811
547,935
547,1037
547,596
547,1166
548,1083
548,584
548,226
548,318
548,588
548,743
548,1066
548,1067
548,1111
548,134
548,740
548,263
548,1136
548,595
548,448
548,797
548,1037
548,596
548,1067
548,1127
548,1166
548,1084
549,1083
549,584
549,226
549,318
549,588
549,743
549,1066
549,1067
549,1089
549,1111
549,740
549,1136
549,460
549,997
549,317
549,797
549,1037
549,596
549,894
549,1067
549,1166
549,1084
550,83
550,138
550,270
550,280
550,596
550,658
551,318
551,658
551,743
551,1080
551,369
551,189
551,82
551,83
551,270
551,596
551,76
551,16
551,894
552,192
552,194
552,270
552,280
552,282
552,662
553,16
553,76
553,82
553,83
553,194
553,270
553,662
553,743
553,935
553,23
553,281
553,76
553,318
553,383
553,1038
553,1080
553,369
553,189
553,980
553,270
553,596
553,275
553,748
553,1147
553,1166
553,894
554,392
554,584
554,961
555,392
555,448
555,584
555,665
555,811
556,60
556,323
556,584
556,665
556,1136
557,204
557,392
557,420
557,584
558,41
558,60
558,114
558,193
558,194
558,236
558,368
558,392
558,557
558,584
558,641
558,680
558,743
559,107
559,138
559,194
559,596
559,686
559,935
559,1073
560,116
560,194
560,270
560,369
560,685
560,891
560,979
560,1151
560,189
561,392
561,685
561,935
561,678
562,60
562,82
562,83
562,187
562,229
562,584
562,16
562,743
562,792
562,997
563,82
563,137
563,194
563,199
563,584
563,669
563,690
563,724
563,792
563,935
564,16
564,82
564,83
564,194
564,226
564,332
564,340
564,556
564,743
564,935
564,1038
564,1080
564,1105
564,1166
565,236
565,270
565,318
565,383
565,596
565,692
565,979
565,1038
566,229
566,584
566,275
566,936
566,76
566,318
566,383
566,384
566,396
566,484
566,686
566,743
566,1038
566,1080
566,1097
566,1105
566,369
566,693
566,189
566,16
566,82
566,83
566,270
566,596
566,894
566,1166
567,76
567,284
567,318
567,383
567,384
567,396
567,1038
567,1080
567,182
567,182
567,1097
567,369
567,693
567,596
567,894
568,83
568,187
568,236
568,270
568,332
568,368
568,396
568,584
568,693
568,743
568,919
568,1038
568,1107
568,1151
568,1166
569,23
569,76
569,318
569,708
569,743
569,1080
569,369
569,556
569,189
569,82
569,83
569,270
569,16
569,596
569,894
570,23
570,194
570,226
570,229
570,236
570,392
570,395
570,399
570,584
570,681
570,743
570,781
570,919
570,975
570,1168
571,207
571,242
571,263
571,420
571,508
571,383
571,1078
571,1118
571,1139
572,312
572,448
572,596
572,712
572,743
572,774
572,797
572,1075
572,1089
572,1166
573,16
573,160
573,134
573,330
573,584
573,420
573,746
573,935
573,1073
574,82
574,83
574,107
574,194
574,236
574,383
574,567
574,596
574,686
574,723
574,189
574,1038
574,1168
575,395
575,275
575,76
575,318
575,383
575,384
575,396
575,563
575,686
575,743
575,1038
575,1080
575,1147
575,1097
575,369
575,411
575,1157
575,52
575,398
575,556
575,785
575,900
575,189
575,604
575,16
575,83
575,596
575,894
575,1166
576,270
576,392
576,723
577,16
577,194
577,199
577,596
577,723
577,956
578,60
578,486
578,596
578,723
578,743
578,956
579,16
579,83
579,84
579,194
579,236
579,263
579,392
579,558
579,596
579,723
579,980
579,1166
580,226
580,236
580,596
580,740
580,743
580,785
581,62
581,63
581,154
581,235
581,392
581,596
581,668
581,863
581,897
581,910
581,935
581,980
582,16
582,39
582,48
582,63
582,154
582,392
582,416
582,596
582,863
582,935
582,960
582,1172
583,19
583,83
583,138
583,318
583,596
583,897
583,584
583,187
583,743
583,563
584,16
584,83
584,395
584,399
584,584
584,596
584,979
584,1073
584,1151
584,1166
585,27
585,83
585,194
585,196
585,236
585,338
585,366
585,368
585,383
585,424
585,556
585,558
585,569
585,743
585,927
585,960
586,83
586,136
586,194
586,196
586,236
586,894
586,424
586,558
586,584
586,927
586,960
587,207
587,743
587,1066
587,347
588,16
588,194
588,196
588,792
588,869
589,16
589,82
589,83
589,194
589,392
589,395
589,584
589,211
589,1025
590,16
590,83
590,194
590,332
590,383
590,392
590,792
590,1166
591,226
591,323
591,331
591,346
591,584
591,736
591,781
591,1025
592,309
592,323
592,596
592,669
592,737
592,743
592,1110
592,1169
593,16
593,378
593,448
593,740
593,1085
593,1166
594,406
594,448
594,596
594,655
594,665
594,740
594,743
594,811
594,1085
594,1166
595,16
595,53
595,207
595,226
595,263
595,318
595,556
595,743
595,584
595,596
595,669
595,781
595,785
595,935
595,1089
595,1105
595,1111
595,1166
596,60
596,596
596,658
596,743
596,797
596,1073
597,16
597,83
597,137
597,194
597,280
597,484
597,584
597,669
597,743
598,16
598,392
598,584
598,669
598,743
599,23
599,83
599,107
599,194
599,236
599,369
599,596
599,743
599,747
599,1166
600,86
600,76
600,318
600,383
600,686
600,743
600,1080
600,1147
600,1105
600,369
600,747
600,189
600,980
600,16
600,82
600,83
600,596
600,1166
601,86
601,76
601,318
601,383
601,686
601,743
601,1080
601,369
601,747
601,189
601,980
601,16
601,596
601,1166
601,894
602,83
602,107
602,134
602,194
602,229
602,236
602,332
602,369
602,743
602,747
602,1166
603,16
603,114
603,226
603,236
603,395
603,736
603,747
603,935
604,395
604,584
604,936
604,318
604,743
604,1080
604,747
604,789
604,935
604,1037
604,16
604,82
604,83
604,596
604,894
604,1166
605,395
605,584
605,936
605,76
605,226
605,318
605,320
605,484
605,743
605,1080
605,1089
605,1111
605,1147
605,747
605,280
605,317
605,789
605,935
605,1037
605,16
605,82
605,83
605,596
605,894
605,980
605,736
605,823
605,77
605,1166
605,284
606,16
606,194
606,226
606,229
606,236
606,743
606,747
606,792
606,935
606,1166
607,194
607,320
607,392
607,584
607,16
607,792
607,935
608,11
608,207
608,226
608,318
608,339
608,596
608,723
608,743
608,746
608,747
608,797
608,1166
609,405
609,76
609,484
609,1080
609,207
609,789
609,823
609,1037
609,596
609,894
610,556
610,602
610,1166
611,69
611,82
611,83
611,109
611,429
611,236
611,270
611,280
611,318
611,640
611,768
611,979
611,1037
612,405
612,395
612,584
612,936
612,76
612,226
612,318
612,484
612,563
612,743
612,748
612,1080
612,370
612,935
612,16
612,83
612,596
612,894
612,383
612,558
612,669
613,83
613,136
613,194
613,558
613,563
613,743
613,748
613,584
613,1073
614,1035
614,281
614,76
614,318
614,743
614,748
614,1080
614,369
614,189
614,82
614,83
614,270
614,596
614,275
614,16
614,894
615,194
615,236
615,369
615,681
615,743
615,748
615,270
615,979
615,189
616,395
616,584
616,291
616,936
616,318
616,759
616,280
616,935
616,1037
616,16
616,894
616,679
616,789
616,797
616,332
616,1143
616,743
616,1080
616,980
617,309
617,323
617,1089
617,584
617,743
617,781
617,784
617,1166
617,1169
618,154
618,198
618,309
618,323
618,387
618,420
618,584
618,669
618,1168
619,763
619,555
619,420
619,82
619,669
619,338
619,792
619,564
619,935
619,1073
620,159
620,236
620,318
620,383
620,596
620,743
620,16
620,1038
620,1147
621,16
621,83
621,194
621,338
621,395
621,765
621,935
621,1073
622,270
622,280
622,366
622,584
622,766
623,16
623,82
623,83
623,109
623,137
623,584
623,766
623,935
624,275
624,280
624,331
624,1073
625,584
625,936
625,76
625,318
625,743
625,765
625,1080
625,280
625,935
625,82
625,83
625,270
625,596
625,226
625,894
626,109
626,584
626,669
626,766
626,781
626,828
626,979
626,1151
627,137
627,192
627,194
627,270
627,584
627,765
627,935
628,83
628,142
628,194
628,236
628,270
628,338
628,558
628,584
628,681
628,743
628,766
628,935
628,979
628,222
628,1166
629,360
629,890
629,960
629,64
629,29
629,801
629,1035
629,1093
629,291
629,416
629,835
629,863
629,1143
629,1149
629,1147
629,235
629,839
629,130
629,788
629,584
629,936
629,226
629,318
629,484
629,1080
629,1105
629,935
629,16
629,83
629,596
630,71
630,107
630,138
630,188
630,192
630,194
630,199
630,270
630,280
630,282
630,423
630,662
630,668
630,935
630,991
630,1093
630,1105
631,154
631,226
631,236
631,383
631,134
631,392
631,429
631,596
631,634
631,669
631,743
631,758
631,811
631,980
632,743
632,776
632,280
632,935
632,16
632,332
632,596
632,1166
633,360
633,960
633,416
633,835
633,318
633,484
633,563
633,235
633,776
633,980
633,596
633,1166
633,839
634,362
634,23
634,395
634,584
634,936
634,76
634,226
634,284
634,318
634,396
634,484
634,563
634,736
634,743
634,1080
634,182
634,182
634,1097
634,424
634,514
634,1049
634,776
634,280
634,935
634,16
634,82
634,83
634,332
634,596
634,894
634,1166
635,362
635,23
635,395
635,584
635,936
635,76
635,226
635,284
635,318
635,484
635,563
635,736
635,743
635,1080
635,182
635,740
635,182
635,1097
635,1105
635,424
635,776
635,280
635,935
635,1037
635,16
635,82
635,83
635,332
635,1166
635,64
636,23
636,281
636,71
636,76
636,226
636,284
636,318
636,383
636,396
636,484
636,563
636,641
636,743
636,748
636,1080
636,182
636,1097
636,1105
636,776
636,522
636,16
636,82
636,83
636,270
636,332
636,596
636,894
636,1166
637,360
637,360
637,788
637,584
637,936
637,226
637,736
637,743
637,1080
637,1111
637,1147
637,1136
637,207
637,266
637,317
637,448
637,789
637,935
637,1037
637,596
637,894
637,1067
637,1166
638,16
638,82
638,83
638,139
638,194
638,236
638,338
638,543
638,584
638,743
638,785
638,935
638,1166
639,83
639,194
639,340
639,484
639,558
639,724
639,743
639,781
640,138
640,194
640,332
640,596
640,668
640,781
640,935
640,1151
640,1166
641,584
641,936
641,76
641,226
641,318
641,743
641,781
641,1080
641,1089
641,369
641,16
641,83
641,596
641,669
641,894
642,16
642,82
642,83
642,137
642,194
642,280
642,484
642,584
642,669
642,781
643,82
643,83
643,138
643,194
643,596
643,669
643,781
643,792
643,1080
643,1089
644,83
644,194
644,226
644,368
644,392
644,484
644,558
644,584
644,596
644,743
644,781
645,16
645,392
645,584
645,669
645,781
646,83
646,194
646,199
646,584
646,669
646,1073
647,395
647,584
647,936
647,318
647,1080
647,338
647,280
647,935
647,82
647,83
647,743
648,653
648,797
648,1139
648,1084
648,596
648,318
648,1166
648,1082
648,743
649,86
649,275
649,76
649,318
649,383
649,396
649,686
649,743
649,1080
649,1147
649,1097
649,369
649,785
649,189
649,980
649,16
649,82
649,83
649,596
649,563
649,894
649,1166
650,107
650,114
650,194
650,226
650,236
650,332
650,369
650,392
650,596
650,723
650,743
650,785
650,1105
650,1166
651,16
651,82
651,83
651,194
651,226
651,584
651,669
651,743
651,781
651,785
651,935
651,1073
652,16
652,82
652,83
652,139
652,226
652,332
652,549
652,584
652,601
652,669
652,736
652,743
652,781
652,785
652,828
652,935
652,979
652,1073
653,16
653,116
653,194
653,226
653,236
653,399
653,584
653,723
653,743
653,785
653,792
653,797
653,935
653,1073
654,194
654,207
654,236
654,1089
654,596
654,668
654,1073
654,1173
655,226
655,420
655,655
655,736
655,743
655,785
655,1006
656,420
656,935
657,16
657,194
657,332
657,392
657,564
657,584
657,792
657,785
657,935
657,979
657,1073
657,1166
658,82
658,83
658,107
658,236
658,108
658,596
658,723
658,743
658,785
658,979
658,1038
658,1100
658,1168
659,15
659,82
659,392
659,395
659,794
659,796
660,395
660,584
660,936
660,318
660,785
660,797
660,935
660,1037
660,77
660,16
660,82
660,83
660,323
660,332
660,894
660,1080
660,980
661,82
661,83
661,194
661,340
661,383
661,484
661,596
661,669
661,743
661,785
661,935
661,1073
662,16
662,194
662,323
662,332
662,392
662,395
662,584
662,792
662,935
662,129
662,1073
663,668
663,880
663,1078
663,1085
664,251
664,280
664,935
664,1037
664,596
665,788
665,584
665,801
665,226
665,53
665,317
665,448
665,323
666,788
666,584
666,226
666,736
666,743
666,781
666,1089
666,1111
666,408
666,53
666,323
666,596
667,194
667,270
667,484
667,708
667,979
668,677
668,801
668,392
669,484
669,743
669,318
669,24
669,961
669,207
669,935
669,979
669,1151
669,16
670,15
670,107
670,115
670,236
670,282
670,367
670,383
670,392
670,399
670,513
670,596
670,658
670,668
670,270
670,935
670,979
670,1038
670,1166
671,82
671,107
671,194
671,236
671,270
671,280
671,282
671,366
671,619
672,83
672,107
672,236
672,270
672,280
672,318
672,604
672,743
672,816
672,1075
672,1166
673,109
673,275
673,384
673,686
673,1080
673,369
673,747
673,132
673,189
673,16
673,332
673,596
673,894
673,226
673,318
673,383
673,743
673,1097
673,53
673,980
673,1166
673,76
674,109
674,275
674,76
674,284
674,318
674,383
674,396
674,563
674,686
674,743
674,1038
674,1080
674,182
674,182
674,1097
674,369
674,556
674,189
674,980
674,82
674,83
674,270
674,596
674,894
674,1166
675,360
675,360
675,395
675,584
675,936
675,76
675,226
675,284
675,318
675,383
675,387
675,396
675,549
675,563
675,686
675,736
675,737
675,743
675,781
675,822
675,132
675,935
675,522
675,980
675,82
675,986
675,83
675,596
675,669
676,83
676,194
676,236
676,270
676,366
676,429
676,596
676,809
676,979
677,395
677,584
677,291
677,936
677,318
677,810
677,595
677,280
677,679
677,823
677,935
677,1037
677,16
677,332
677,698
678,109
678,880
678,936
678,226
678,318
678,429
678,484
678,563
678,736
678,743
678,904
678,974
678,1080
678,1111
678,1147
678,380
678,740
678,182
678,1105
678,207
678,474
678,411
678,601
678,1157
678,556
678,785
678,900
678,266
678,935
678,1037
678,596
678,894
678,1166
679,16
679,53
679,139
679,275
679,297
679,1089
679,596
679,668
679,743
679,1000
679,1166
680,665
680,1044
681,275
681,76
681,318
681,383
681,641
681,686
681,743
681,1080
681,1097
681,369
681,189
681,16
681,596
681,1166
682,275
682,76
682,318
682,383
682,743
682,1080
682,1147
682,1097
682,369
682,189
682,270
682,596
682,23
682,384
682,82
682,894
683,212
683,217
683,275
683,596
683,818
683,1166
684,880
684,318
684,429
684,563
684,588
684,743
684,904
684,974
684,1080
684,1111
684,1147
684,740
684,182
684,1097
684,1105
684,263
684,369
684,4
684,601
684,556
684,785
684,1134
684,935
684,1037
684,77
684,16
684,114
684,332
684,596
684,894
684,1166
685,556
685,1097
685,1111
685,1105
685,236
685,619
685,392
685,114
685,584
685,980
685,16
685,880
686,936
686,318
686,822
686,1080
686,280
686,935
686,596
686,894
686,584
686,226
686,743
686,16
687,936
687,76
687,318
687,743
687,822
687,1080
687,280
687,935
687,82
687,83
687,270
687,894
688,83
688,192
688,194
688,270
688,280
688,1073
689,392
689,640
689,236
689,383
689,107
689,83
689,935
689,194
689,596
689,1166
690,16
690,82
690,139
690,194
690,207
690,236
690,792
690,935
690,936
691,16
691,82
691,133
691,137
691,194
691,555
691,584
691,830
691,935
692,360
692,832
692,960
693,154
693,665
693,668
693,698
693,842
693,1036
694,7
694,275
694,392
694,400
694,596
694,927
694,1097
695,16
695,82
695,83
695,194
695,332
695,338
695,567
696,83
696,114
696,176
696,194
696,236
696,543
696,392
696,584
696,668
696,736
696,743
696,781
696,792
696,1013
697,23
697,175
697,194
697,196
697,226
697,263
697,392
697,584
697,596
697,668
697,781
697,980
697,990
697,1147
697,1168
698,16
698,280
698,323
698,395
698,668
698,861
698,1073
698,1133
699,16
699,82
699,83
699,107
699,135
699,194
699,263
699,369
699,584
699,129
699,792
699,861
699,935
699,1166
700,16
700,138
700,332
700,584
700,129
700,792
700,861
700,935
701,395
701,584
701,936
701,318
701,366
701,789
701,935
701,1037
701,16
701,82
701,83
701,894
702,395
702,584
702,291
702,698
702,863
702,936
702,1133
702,1143
702,1149
702,318
702,366
702,280
702,935
702,1037
702,16
702,894
702,1017
702,76
702,1080
702,679
702,797
702,823
702,980
703,395
703,584
703,936
703,76
703,318
703,743
703,1080
703,366
703,280
703,935
703,1037
703,16
703,82
703,83
703,596
703,894
703,679
703,797
704,109
704,584
704,275
704,936
704,76
704,226
704,318
704,384
704,484
704,563
704,743
704,1080
704,1147
704,134
704,1105
704,595
704,207
704,369
704,132
704,189
704,280
704,935
704,1037
704,16
704,83
704,332
704,596
704,1166
704,747
704,894
705,16
705,226
705,358
705,448
705,596
705,668
705,723
705,743
705,1105
706,16
706,82
706,83
706,226
706,229
706,236
706,392
706,584
706,668
706,743
706,935
706,1038
706,1073
707,229
707,395
707,584
707,936
707,226
707,318
707,484
707,563
707,658
707,743
707,1080
707,1111
707,182
707,1105
707,263
707,747
707,280
707,935
707,1037
707,980
707,16
707,596
707,1166
707,380
707,182
707,1097
707,114
707,332
707,1089
707,797
707,65
708,229
708,584
708,936
708,226
708,318
708,484
708,658
708,743
708,1080
708,1089
708,1111
708,182
708,380
708,1105
708,935
708,1037
708,77
708,16
708,65
708,332
708,596
708,894
708,1166
709,229
709,395
709,584
709,936
709,226
709,318
709,563
709,658
709,743
709,1080
709,1089
709,1111
709,182
709,380
709,1105
709,595
709,207
709,280
709,679
709,797
709,935
709,1037
709,980
709,16
709,114
709,596
709,1166
710,16
710,82
710,83
710,114
710,191
710,194
710,199
710,229
710,640
710,736
710,792
710,935
710,980
710,1089
711,16
711,84
711,114
711,175
711,194
711,392
711,556
711,900
711,736
711,785
711,974
711,1105
712,960
712,863
712,392
712,596
713,405
713,23
713,76
713,226
713,284
713,484
713,743
713,1080
713,1147
713,134
713,789
713,1037
713,82
713,270
714,16
714,82
714,194
714,196
714,332
714,792
714,869
714,1073
715,880
715,395
715,584
715,936
715,318
715,563
715,743
715,1080
715,338
715,424
715,514
715,369
715,869
715,935
715,16
715,82
715,83
715,332
715,894
715,1166
716,936
716,384
716,869
716,935
716,1037
716,596
716,1166
717,187
717,207
717,392
717,399
717,563
717,792
717,919
717,927
717,979
718,139
718,207
718,236
718,332
718,387
718,392
718,420
718,563
718,584
718,596
718,669
718,781
718,792
718,869
718,919
718,980
718,1075
718,1168
719,71
719,83
719,236
719,270
719,318
719,640
719,869
719,979
719,1166
720,392
720,484
720,596
720,872
720,980
721,16
721,82
721,83
721,226
721,354
721,399
721,1089
721,669
721,736
721,743
721,781
721,792
721,798
721,875
721,935
722,109
722,23
722,880
722,584
722,801
722,936
722,76
722,226
722,318
722,429
722,484
722,563
722,736
722,743
722,781
722,904
722,1080
722,1111
722,1147
722,740
722,182
722,263
722,601
722,159
722,556
722,785
722,900
722,1134
722,266
722,1037
722,77
722,16
722,596
722,894
722,990
723,16
723,226
723,596
723,743
723,879
723,935
723,960
723,1105
724,187
724,108
724,392
724,596
724,879
724,979
725,881
725,596
726,16
726,194
726,226
726,236
726,340
726,656
726,668
726,743
726,792
726,935
727,16
727,82
727,543
727,332
727,392
727,422
727,554
727,596
727,743
727,935
727,997
727,1067
727,1089
727,1168
728,16
728,82
728,83
728,263
728,332
728,338
728,792
728,935
728,1038
728,1073
728,1080
728,1166
729,23
729,187
729,194
729,270
729,275
729,76
729,376
729,392
729,596
729,1080
729,1097
730,194
730,236
730,369
730,189
731,194
731,980
731,1166
731,935
731,668
732,82
732,83
732,187
732,236
732,332
732,558
732,584
732,743
732,893
732,919
732,979
732,1147
733,82
733,83
733,236
733,318
733,332
733,383
733,392
733,563
733,743
733,792
733,893
733,919
733,979
734,980
734,584
734,935
734,1168
734,564
734,1151
735,132
735,935
735,280
735,331
736,263
736,743
736,1075
736,236
736,270
736,1076
736,979
736,16
736,395
736,584
737,16
737,83
737,194
737,196
737,236
737,584
737,743
737,900
737,935
737,979
737,1073
737,1151
737,1166
738,395
738,584
738,936
738,76
738,226
738,284
738,318
738,383
738,396
738,563
738,736
738,743
738,1038
738,1080
738,1111
738,1147
738,514
738,1049
738,862
738,900
738,935
738,1037
738,16
738,82
738,83
738,332
738,894
738,1166
739,360
739,360
739,584
739,936
739,134
739,132
739,280
739,935
739,1037
739,83
739,596
739,894
740,360
740,360
740,584
740,936
740,226
740,743
740,1111
740,1
740,132
740,935
740,323
740,596
740,669
740,1166
741,595
741,904
741,139
741,1105
741,1049
741,980
741,1139
741,198
741,114
741,16
741,329
741,340
741,584
742,109
742,936
742,226
742,318
742,429
742,484
742,736
742,743
742,904
742,974
742,1080
742,1111
742,1147
742,380
742,740
742,182
742,1105
742,207
742,411
742,601
742,1157
742,159
742,556
742,785
742,900
742,1134
742,266
742,935
742,1037
742,596
742,894
742,1166
743,229
743,880
743,584
743,936
743,76
743,226
743,318
743,429
743,484
743,736
743,743
743,904
743,1038
743,1080
743,1111
743,1147
743,380
743,740
743,182
743,1105
743,263
743,207
743,266
743,789
743,935
743,1037
743,77
743,16
743,83
743,114
743,596
743,894
743,1166
744,83
744,194
744,196
744,332
744,368
744,392
744,395
744,448
744,481
744,584
744,743
744,915
744,975
744,1075
744,1084
744,1151
745,16
745,194
745,392
745,915
745,792
745,797
745,1073
746,915
746,1078
747,392
747,584
747,686
747,326
747,361
748,109
748,23
748,880
748,584
748,801
748,936
748,429
748,563
748,736
748,743
748,781
748,1080
748,1147
748,263
748,266
748,1037
748,16
748,596
748,894
748,990
748,788
748,226
748,318
748,317
748,448
748,797
748,980
748,926
748,1166
748,207
749,360
749,360
749,23
749,880
749,584
749,936
749,226
749,318
749,429
749,736
749,743
749,781
749,1080
749,1147
749,263
749,207
749,266
749,1037
749,16
749,596
749,926
749,894
749,990
749,464
749,788
749,960
749,563
749,679
749,789
749,797
749,823
749,935
749,980
749,1166
749,801
749,280
749,358
750,788
750,23
750,880
750,584
750,801
750,226
750,318
750,736
750,743
750,1147
750,263
750,785
750,1037
750,596
750,926
750,990
751,82
751,83
751,107
751,236
751,108
751,596
751,723
751,743
751,785
751,979
751,1038
751,1100
751,1168
752,226
752,392
752,655
752,743
752,811
752,1147
753,16
753,84
753,114
753,318
753,399
753,596
753,723
753,736
753,743
753,975
753,1151
753,1166
754,109
754,395
754,584
754,936
754,226
754,318
754,549
754,736
754,743
754,781
754,1038
754,514
754,207
754,132
754,935
754,522
754,82
754,986
754,83
754,596
754,669
754,284
754,1080
754,424
754,358
754,16
754,1067
754,999
755,362
755,109
755,395
755,584
755,936
755,76
755,226
755,318
755,384
755,736
755,743
755,1080
755,207
755,369
755,747
755,189
755,997
755,522
755,16
755,82
755,986
755,83
755,596
755,894
755,1166
756,378
756,460
756,1067
756,743
756,811
757,60
757,596
757,1085
758,30
758,392
758,448
758,584
758,596
759,207
759,486
759,596
759,668
759,743
759,788
759,957
759,1089
759,1166
760,360
760,890
760,960
761,596
761,960
762,392
762,584
762,596
762,936
762,961
763,83
763,318
763,340
763,919
763,927
763,935
763,936
764,584
764,936
764,226
764,318
764,743
764,942
764,1080
764,280
764,935
764,16
764,82
764,270
764,596
764,83
765,584
765,936
765,226
765,318
765,383
765,743
765,781
765,942
765,1080
765,370
765,935
765,16
765,83
765,596
765,669
765,894
766,116
766,275
766,584
766,596
766,935
766,942
766,1073
767,16
767,60
767,82
767,83
767,132
767,420
767,549
767,584
767,792
767,935
767,957
768,16
768,60
768,82
768,83
768,132
768,420
768,549
768,584
768,792
768,935
768,957
768,323
768,514
768,665
768,743
768,956
768,1111
768,1138
768,1166
769,16
769,202
769,323
769,420
769,584
769,957
769,1073
769,1168
770,83
770,135
770,236
770,392
770,668
770,670
770,956
771,360
771,395
771,584
771,936
771,76
771,226
771,284
771,318
771,563
771,736
771,743
771,1080
771,1147
771,134
771,1
771,369
771,132
771,823
771,935
771,1037
771,16
771,82
771,83
771,596
771,894
771,1166
772,16
772,323
772,332
772,596
772,792
772,420
772,1166
773,55
773,323
773,596
773,132
773,957
774,207
774,318
774,420
774,596
774,797
774,956
775,16
775,60
775,82
775,83
775,132
775,420
775,549
775,584
775,792
775,935
775,957
775,323
775,514
775,665
775,743
775,956
775,1111
775,1138
775,1166
776,182
776,236
776,596
776,797
776,958
776,1073
777,207
777,406
777,556
777,596
777,740
777,743
777,958
777,979
777,1151
777,1166
778,107
778,133
778,226
778,392
778,420
778,723
778,935
778,956
779,360
779,360
779,395
779,584
779,936
779,76
779,226
779,284
779,318
779,202
779,387
779,549
779,563
779,736
779,737
779,743
779,781
779,307
779,207
779,132
779,935
779,1037
779,522
779,16
779,82
779,986
779,83
779,669
779,78
780,64
780,584
780,811
780,961
781,288
781,584
781,596
781,880
781,961
782,129
782,132
782,139
782,202
782,386
782,420
782,747
782,596
782,723
782,935
782,1073
783,16
783,82
783,83
783,114
783,194
783,226
783,236
783,293
783,340
783,584
783,743
783,747
783,792
783,980
783,990
783,1100
784,84
784,114
784,194
784,196
784,236
784,332
784,392
784,584
784,935
784,222
784,1073
784,1130
785,60
785,226
785,460
785,665
785,743
785,792
785,1111
785,1127
785,1137
785,1139
786,11
786,194
786,554
786,584
786,596
786,723
786,797
786,979
787,405
787,23
787,76
787,226
787,284
787,396
787,484
787,685
787,736
787,743
787,748
787,942
787,991
787,1080
787,1147
787,207
787,679
787,789
787,1037
787,596
787,894
788,107
788,236
788,282
788,226
788,492
788,596
788,743
788,934
788,1097
788,1147
789,16
789,23
789,64
789,139
789,226
789,236
789,332
789,392
789,668
789,743
789,880
789,1078
790,936
790,76
790,226
790,318
790,743
790,974
790,1080
790,280
790,935
790,83
790,270
790,596
790,894
791,194
791,236
791,275
791,369
791,383
791,670
791,723
791,976
791,979
791,1151
792,584
792,936
792,226
792,318
792,396
792,641
792,781
792,1080
792,595
792,207
792,132
792,280
792,935
792,1037
792,16
792,596
792,743
793,16
793,192
793,194
793,198
793,236
793,340
793,584
793,643
793,935
793,1073
794,207
794,392
794,30
794,584
794,668
794,988
794,1031
795,988
795,207
795,30
795,584
795,1044
796,270
796,280
796,681
796,989
797,281
797,71
797,76
797,284
797,318
797,388
797,662
797,429
797,484
797,563
797,641
797,743
797,748
797,1080
797,369
797,189
797,980
797,16
797,83
797,270
797,596
797,1166
797,1147
798,16
798,83
798,114
798,132
798,194
798,332
798,747
798,596
798,677
798,785
798,792
798,935
798,936
799,82
799,138
799,270
799,340
799,743
799,935
799,991
799,1151
800,82
800,138
800,270
800,340
800,743
800,935
800,991
800,1151
801,63
801,448
801,584
801,665
802,16
802,83
802,132
802,378
802,420
802,430
802,584
802,797
802,956
803,16
803,192
803,207
803,332
803,392
803,584
803,670
803,743
804,16
804,82
804,83
804,392
804,584
804,655
804,792
805,60
805,30
805,584
805,698
805,1044
806,154
806,194
806,448
806,1114
807,584
807,936
807,226
807,318
807,736
807,743
807,999
807,1080
807,370
807,935
807,16
807,82
807,83
807,596
807,669
807,894
808,16
808,60
808,212
808,217
808,392
808,406
808,448
808,508
808,584
808,596
808,669
808,811
808,1025
808,1078
808,1085
808,1166
809,16
809,112
809,318
809,332
809,337
809,743
809,792
809,828
809,935
809,979
809,211
810,16
810,114
810,194
810,219
810,392
810,395
810,399
810,584
810,596
810,797
810,980
810,1085
810,1118
810,1166
811,392
811,584
811,596
811,669
812,323
812,736
812,211
813,60
813,743
813,811
813,1007
813,1136
814,788
814,23
814,64
814,880
814,584
814,801
814,226
814,318
814,496
814,743
814,1066
814,1111
814,1147
814,182
814,514
814,218
814,263
814,53
814,1037
814,596
814,1006
814,1166
815,60
815,448
815,584
815,811
816,83
816,116
816,136
816,318
816,368
816,429
816,584
816,743
816,1073
816,1080
817,109
817,23
817,281
817,936
817,226
817,318
817,1080
817,1147
817,369
817,132
817,189
817,935
817,596
817,894
818,132
818,242
818,323
818,420
818,584
818,596
818,669
818,781
819,76
819,83
819,236
819,318
819,383
819,392
819,399
819,563
819,743
819,792
819,919
819,1026
819,1166
820,395
820,584
820,936
820,76
820,318
820,383
820,563
820,743
820,1080
820,372
820,935
820,1037
820,16
820,82
820,83
820,332
820,596
820,1166
821,1026
821,743
821,226
821,1107
821,392
821,16
821,584
821,83
821,194
821,935
821,1166
822,378
822,740
822,743
822,793
822,1066
822,1067
822,1111
822,1136
823,226
823,275
823,291
823,584
823,596
823,602
823,750
823,781
823,1073
823,1151
824,15
824,16
824,82
824,83
824,236
824,503
824,584
824,743
824,935
824,1038
825,83
825,194
825,596
825,1080
825,935
825,1038
825,1073
826,83
826,107
826,236
826,318
826,369
826,383
826,595
826,596
826,935
826,1038
826,1166
827,360
827,360
827,584
827,936
827,76
827,318
827,384
827,484
827,563
827,743
827,1038
827,1080
827,1147
827,207
827,369
827,372
827,556
827,558
827,132
827,189
827,16
827,83
827,596
827,1166
828,83
828,107
828,194
828,236
828,270
828,658
828,681
828,975
828,1038
828,1151
829,83
829,138
829,188
829,194
829,270
829,275
829,392
829,677
829,919
829,935
829,979
829,1038
830,83
830,138
830,318
830,484
830,584
830,596
830,669
830,724
830,919
830,935
830,1038
831,936
831,318
831,1038
831,1080
831,280
831,935
831,16
831,83
831,596
832,936
832,318
832,1038
832,1080
832,935
832,16
832,596
833,16
833,82
833,83
833,114
833,133
833,194
833,236
833,332
833,420
833,584
833,743
833,935
833,1038
833,1073
834,360
834,464
834,960
834,584
834,936
834,226
834,318
834,484
834,743
834,1038
834,1080
834,1105
834,595
834,280
834,679
834,797
834,823
834,935
834,1037
834,980
834,16
834,83
834,596
834,1166
834,76
834,383
834,182
834,263
834,789
835,16
835,82
835,83
835,226
835,229
835,236
835,392
835,584
835,668
835,743
835,935
835,1038
835,1073
836,76
836,318
836,383
836,563
836,743
836,1080
836,134
836,263
836,369
836,411
836,558
836,189
836,980
836,16
836,83
836,270
836,596
836,1037
836,894
836,1166
837,16
837,332
837,395
837,584
837,935
837,1073
838,60
838,226
838,378
838,496
838,596
838,743
838,997
838,1089
838,1147
838,1166
839,194
839,460
839,654
839,739
839,743
839,811
839,1082
839,1085
839,1168
839,571
840,95
840,448
840,496
840,596
840,743
840,983
840,1075
840,1156
840,1166
841,71
841,83
841,84
841,189
841,236
841,640
842,16
842,114
842,226
842,392
842,406
842,584
842,668
842,669
842,743
842,880
842,1078
842,1089
842,1105
843,982
843,619
843,1105
843,396
843,1151
843,207
843,132
843,935
843,596
843,16
843,584
843,1168
844,194
844,281
844,596
844,681
844,828
844,961
844,1062
845,149
845,194
845,236
845,280
845,392
845,584
845,668
845,935
845,1073
846,194
846,584
846,596
846,743
846,797
846,1069
846,1066
846,1085
847,275
847,936
847,76
847,318
847,1071
847,280
847,935
847,270
847,596
848,82
848,83
848,194
848,584
848,669
848,743
848,919
848,935
848,1071
848,1073
849,395
849,584
849,936
849,76
849,318
849,383
849,743
849,781
849,1080
849,338
849,370
849,1071
849,280
849,935
849,16
849,82
849,83
849,270
849,332
849,596
849,669
849,894
850,83
850,194
850,368
850,392
850,584
850,927
851,138
851,318
851,337
851,395
851,584
851,596
851,669
852,395
852,584
852,936
852,318
852,743
852,1080
852,370
852,1081
852,280
852,935
852,16
852,83
852,596
852,669
852,894
853,584
853,936
853,226
853,318
853,383
853,743
853,1080
853,370
853,1081
853,935
853,16
853,83
853,596
853,669
854,395
854,584
854,936
854,76
854,226
854,318
854,1108
854,396
854,484
854,743
854,781
854,1080
854,1081
854,280
854,935
854,16
854,83
854,596
854,669
854,894
855,584
855,936
855,318
855,1081
855,280
855,935
855,1037
855,596
856,405
856,880
856,584
856,76
856,226
856,743
856,207
856,1081
856,1037
856,596
856,894
857,16
857,83
857,137
857,194
857,280
857,484
857,584
857,669
857,743
858,23
858,596
858,743
859,405
859,960
859,76
859,226
859,318
859,484
859,743
859,1080
859,1147
859,207
859,411
859,1157
859,556
859,785
859,679
859,1037
859,596
860,16
860,114
860,194
860,196
860,236
860,338
860,380
860,432
860,561
860,740
860,759
860,935
860,974
860,980
860,1089
860,1105
860,1130
860,1166
861,138
861,392
861,596
861,677
861,960
861,1093
862,596
862,750
862,757
862,811
863,149
863,226
863,392
863,961
864,119
864,332
864,392
864,584
864,596
864,880
864,961
864,1093
865,30
865,208
865,392
865,584
865,596
865,811
866,499
866,723
866,743
866,1070
866,1082
866,1114
866,1126
867,23
867,323
867,460
867,665
867,743
867,1025
867,1114
868,378
868,596
868,743
868,1066
868,1082
868,1105
868,1166
869,114
869,194
869,226
869,236
869,280
869,743
869,919
869,1073
869,1105
870,16
870,226
870,358
870,448
870,596
870,668
870,723
870,743
870,1105
871,60
871,226
871,236
871,275
871,406
871,743
871,880
871,1105
872,82
872,83
872,138
872,194
872,198
872,270
872,338
872,584
872,935
872,1107
873,16
873,48
873,194
873,392
873,584
873,668
873,935
873,1073
873,1107
874,83
874,107
874,138
874,194
874,236
874,329
874,406
874,584
874,16
874,935
874,979
874,1107
874,1151
875,395
875,584
875,936
875,318
875,1108
875,743
875,338
875,370
875,280
875,935
875,16
875,82
875,83
875,596
875,894
876,30
876,60
876,323
876,378
876,448
876,584
876,596
876,743
876,791
876,811
876,1025
876,1085
876,1166
877,82
877,83
877,138
877,139
877,194
877,226
877,584
877,669
877,743
877,1115
878,23
878,226
878,263
878,743
878,1025
879,235
879,318
879,596
879,751
879,839
879,1160
880,60
880,194
880,236
880,392
880,448
880,486
880,584
880,743
880,919
880,957
880,1025
880,1107
881,378
881,1130
882,16
882,82
882,83
882,114
882,137
882,194
882,236
882,584
882,604
882,736
882,743
882,792
882,935
882,1130
882,1166
883,236
883,484
883,492
883,828
883,723
883,743
883,979
883,270
883,1151
883,1157
884,395
884,584
884,76
884,318
884,383
884,384
884,396
884,563
884,686
884,743
884,1038
884,1080
884,182
884,182
884,1097
884,369
884,693
884,4
884,112
884,411
884,601
884,809
884,879
884,891
884,1157
884,52
884,159
884,391
884,398
884,556
884,785
884,900
884,189
884,980
884,16
884,83
884,596
884,894
884,1166
885,16
885,114
885,236
885,318
885,420
885,584
885,669
885,743
885,979
885,1130
886,16
886,114
886,236
886,318
886,420
886,584
886,669
886,743
886,979
886,1130
887,207
887,226
887,275
887,318
887,554
887,584
887,16
887,743
887,935
887,1130
887,1147
887,1166
888,15
888,16
888,82
888,83
888,236
888,503
888,584
888,743
888,935
888,1038
889,109
889,23
889,936
889,76
889,226
889,318
889,384
889,743
889,1080
889,1147
889,1105
889,369
889,112
889,411
889,1157
889,52
889,159
889,398
889,556
889,785
889,132
889,189
889,16
889,596
889,894
889,1166
890,880
890,395
890,584
890,281
890,291
890,936
890,76
890,318
890,396
890,563
890,743
890,1038
890,1080
890,231
890,369
890,372
890,474
890,693
890,4
890,411
890,601
890,879
890,891
890,1157
890,52
890,159
890,391
890,398
890,556
890,785
890,900
890,280
890,935
890,16
890,83
890,332
890,596
890,894
890,1166
891,654
891,797
891,998
891,1085
891,1130
892,194
892,332
892,411
892,556
892,785
892,927
892,928
892,1038
893,194
893,226
893,496
893,596
893,743
893,797
893,997
893,1067
893,1130
893,1166
894,16
894,392
894,406
894,668
894,785
894,927
895,16
895,82
895,83
895,138
895,194
895,340
895,368
895,669
895,743
895,792
895,935
896,194
896,330
896,1089
896,584
896,596
896,669
896,758
896,781
896,935
896,1135
897,16
897,207
897,332
897,420
897,743
897,792
897,927
897,935
898,82
898,83
898,134
898,135
898,187
898,194
898,236
898,275
898,280
898,392
898,584
898,1136
898,743
898,979
899,242
899,263
899,275
899,318
899,584
899,596
899,668
899,880
900,242
900,263
900,275
900,318
900,584
900,596
900,668
900,880
901,129
901,207
901,1007
902,207
902,323
902,448
902,656
902,665
902,997
903,405
903,226
903,484
903,1080
903,1136
903,207
903,1037
903,596
903,1084
904,395
904,584
904,801
904,936
904,226
904,318
904,496
904,736
904,743
904,1080
904,1111
904,182
904,1136
904,935
904,1037
904,16
904,82
904,83
904,596
904,894
904,1067
904,1166
905,207
905,323
905,448
905,656
905,665
905,997
906,194
906,212
906,217
906,236
906,979
907,360
907,960
908,57
908,63
908,294
908,392
908,395
908,584
909,23
909,82
909,194
909,236
909,392
909,558
909,723
909,743
909,979
909,1151
910,114
910,318
910,596
910,723
910,743
910,956
911,23
911,41
911,226
911,596
911,723
911,743
912,23
912,1035
912,275
912,281
912,76
912,318
912,383
912,743
912,1080
912,1147
912,369
912,411
912,189
912,82
912,83
912,270
912,596
913,405
913,1147
913,207
913,679
913,823
913,1037
913,596
913,76
913,1080
914,360
914,405
914,960
914,64
914,584
914,29
914,1093
914,416
914,1147
914,596
915,83
915,194
915,236
915,369
915,558
915,723
915,979
916,82
916,83
916,194
916,383
916,396
916,584
916,596
916,669
916,1155
917,395
917,584
917,936
917,76
917,226
917,318
917,484
917,1038
917,1080
917,1097
917,1155
917,935
917,16
917,83
917,270
917,596
918,318
918,383
918,596
918,743
918,891
918,894
918,1080
918,1157
919,40
919,368
919,596
919,979
919,1168
920,16
920,138
920,207
920,226
920,236
920,318
920,66
920,584
920,595
920,596
920,668
920,781
920,863
920,935
920,1074
920,1105
920,1166
921,448
921,584
921,1085
922,395
922,584
922,936
922,76
922,318
922,484
922,563
922,743
922,1080
922,424
922,514
922,1049
922,369
922,372
922,280
922,935
922,1037
922,522
922,604
922,16
922,82
922,83
922,596
922,894
922,1166
923,880
923,395
923,584
923,1035
923,936
923,76
923,318
923,396
923,563
923,743
923,1038
923,1080
923,424
923,1049
923,369
923,372
923,398
923,280
923,935
923,1037
923,77
923,522
923,604
923,16
923,82
923,83
923,596
923,894
923,1166
924,23
924,107
924,280
924,318
924,596
924,1080
924,1164
924,1166
925,16
925,82
925,83
925,165
925,194
925,340
925,542
925,564
925,584
925,596
925,669
925,735
925,781
925,935
925,1073
926,82
926,154
926,549
926,340
926,669
926,702
926,763
926,78
926,935
927,16
927,82
927,83
927,165
927,194
927,340
927,542
927,564
927,584
927,596
927,669
927,735
927,781
927,935
927,1073
928,16
928,82
928,83
928,194
928,219
928,392
928,406
928,584
928,1025
929,16
929,83
929,194
929,318
929,484
929,584
929,669
929,743
929,935
930,360
931,49
931,596
931,811
931,934
